"","Player_from","Squad_from","Comp_from","MP_Playing_from","Starts_Playing_from","Min_Playing_from","Mins_Per_90_from","GA_from","GA90_from","SoTA_from","Saves_from","Save_percent_from","W_from","D_from","L_from","CS_from","CS_percent_from","PKatt_Penalty_from","PKA_Penalty_from","PKsv_Penalty_from","PKm_Penalty_from","Save_percent_Penalty_from","Squad_2_change","Comp_2_change","MP_Playing_change","Starts_Playing_change","Min_Playing_change","Mins_Per_90_change","GA_change","GA90_change","SoTA_change","Saves_change","Save_percent_change","W_change","D_change","L_change","CS_change","CS_percent_change","PKatt_Penalty_change","PKA_Penalty_change","PKsv_Penalty_change","PKm_Penalty_change","Save_percent_Penalty_change"
"1","Aaron Ramsdale","Bournemouth","Premier League",92,92,92,92,96,73,96,95,45,59,67,99,50,19,83,85,86,80,62,"Sheffield Utd","Premier League",8,8,8,8,1,-3,3,4,8,-11,-44,1,0,-1,-19,-20,-32,17,-8
"2","Aaron Ramsdale","Sheffield Utd","Premier League",100,100,100,100,97,70,99,99,53,48,23,100,50,18,64,65,54,97,54,"Arsenal","Premier League",-12,-12,-12,-12,-30,-45.5,-31,-29,7.5,49,22.5,-48.5,43,64.5,15,10,0,1,0
"3","Alban Lafont","Toulouse","Ligue 1",92.5,92.5,92.5,93,78,37.5,86,88,68,61.5,92,89,86.5,66,89.5,94.5,70,80,55,"Fiorentina","Serie A",-16.5,-16.5,-21.5,-22,-13,-9.5,-21,-20,-2,-9.5,8,-22,-16.5,-19,-6.5,-9.5,16,0,7
"4","Alban Lafont","Fiorentina","Serie A",76,76,71,71,65,28,65,68,66,52,100,67,70,47,83,85,86,80,62,"Nantes","Ligue 1",8.5,8.5,12.75,13.75,11,13.25,13.25,10.5,1,12,-19,15.25,1,3.25,9,0.25,-2.25,8.5,8.25
"5","Albano Bizzarri","Pescara","Serie A",57,57,57,57,98,94,91,79,14,16,59,99,27,12,75,85,54,80,54,"Udinese","Serie A",8,9,8,9,-12,-26,-15,-9,5,54,-18,-7,43,42,0,-37,42,17,41
"6","Alberto García","Sporting Gijón","La Liga",14,15,14,14,19,91,18,20,29,21,17,22,10,10,50,28,96,80,97,"Rayo Vallecano","La Liga",20,20,20,20,36,-2,23,15,-19,6,24,41,31,37,14,0,3,0,0
"7","Alex Meret","SPAL","Serie A",27,27,26,26,22,32,28,32,90,21,67,28,41,69,75,65,96,80,86,"Napoli","Serie A",19,18.25,19,19,14,-5.25,7.25,4.5,-33.5,52.5,-24.5,1.5,18.5,-3.75,-28,-12.75,-26,0,-19.75
"8","Alexander Nübel","Schalke 04","Bundesliga",43,43,41.5,41.5,54.5,67,49,48,42,42.5,71,53.5,45.5,38.5,64,71.5,70,80,64,"Monaco","Ligue 1",53,53,54.5,54.5,23.5,-28.5,36.5,41,34,51,8,6.5,35.5,18,21.5,20,-16,8.5,-10
"9","Alexander Schwolow","Freiburg","Bundesliga",65.5,65.5,64,64,81.75,68.25,80.25,78.25,44.25,60,76.75,75.75,56,35,74.25,79.25,64.5,84.25,61.25,"Hertha BSC","Bundesliga",-16.5,-16.5,-16,-16,-8.25,5.75,-23.25,-27.25,-15.75,-14.5,-7.25,-5.25,-0.5,12,4.75,8.75,-10.5,-4.25,-7.25
"10","Alexander Schwolow","Hertha BSC","Bundesliga",49,49,48,48,73.5,74,57,51,28.5,45.5,69.5,70.5,55.5,47,79,88,54,80,54,"Schalke 04","Bundesliga",-5,-6,-5,-5,19.5,22,16,8,-18.5,-12.5,-28.5,11.5,-28.5,-33,-15,-10,0,0,0
"11","Alexandre Oukidja","Strasbourg","Ligue 1",34,32,32,32,44,79,33,30,18,27,51,50,27,17,75,78,86,80,67,"Metz","Ligue 1",22.6666666666667,24.6666666666667,22,23.3333333333333,12.6666666666667,-35.3333333333333,24.6666666666667,30.6666666666667,43.6666666666667,22.3333333333333,32.6666666666667,15.6666666666667,31,27.3333333333333,-9,-1.66666666666667,-21.3333333333333,0,-12.6666666666667
"12","Alfred Gomis","SPAL","Serie A",44.5,43,43,43,56,61.5,54.5,56,47,35,63,68,45.5,44,54,59.5,70,80,56.5,"Dijon","Ligue 1",-19.5,-17.5,-19,-19,-34.5,-7,-27.5,-25,38.5,-10,-21,-34,-12,-3,-19.5,-13,-16,0,-2.5
"13","Alfred Gomis","Dijon","Ligue 1",25,25.5,24,24,21.5,54.5,27,31,85.5,25,42,34,33.5,41,34.5,46.5,54,80,54,"Rennes","Ligue 1",20.5,20,21.5,21.5,14.5,-34,6.5,2.5,-39,39.5,9,17.5,32.5,26,29.5,25,0,8.5,0
"14","Alisson","Roma","Serie A",92,92,92,92,42,5,71,83,95,96,75,46,99,95,75,65,96,80,86,"Liverpool","Premier League",-19,-19,-19.6666666666667,-19.6666666666667,9.33333333333334,10,-13.3333333333333,-21.3333333333333,-26.3333333333333,-2.33333333333333,-11.6666666666667,-4.33333333333334,-9,-12.6666666666667,-16.3333333333333,-13.6666666666667,-20.6666666666667,12.3333333333333,-18
"15","Alphonse Areola","Villarreal","La Liga",65,66,65,66,38,7,51,59,82,89,75,46,97,95,35,28,86,80,95,"Paris S-G","Ligue 1",-16,-17.3333333333333,-16.3333333333333,-17.3333333333333,-11,0.666666666666667,-18.3333333333333,-23,-18.3333333333333,-7.33333333333333,-37,-28,-16.3333333333333,0.666666666666671,9.33333333333334,16.6666666666667,-21.3333333333333,5.66666666666667,-27.3333333333333
"16","Alphonse Areola","Paris S-G","Ligue 1",49,48.6666666666667,48.6666666666667,48.6666666666667,27,7.66666666666667,32.6666666666667,36,63.6666666666667,81.6666666666667,38,18,80.6666666666667,95.6666666666667,44.3333333333333,44.6666666666667,64.6666666666667,85.6666666666667,67.6666666666667,"Real Madrid","La Liga",-39,-37.6666666666667,-37.6666666666667,-37.6666666666667,-18,26.3333333333333,-25.6666666666667,-29,27.3333333333333,-54.6666666666667,-21,-16,-61.6666666666667,-41.6666666666667,-9.33333333333334,3.33333333333334,-10.6666666666667,-5.66666666666667,-13.6666666666667
"17","Alphonse Areola","Real Madrid","La Liga",10,11,11,11,9,34,7,7,91,27,17,2,19,54,35,48,54,80,54,"Fulham","Premier League",75,74,74,75,72,8,81,83,-18,11,80,92,57,0,48,43,0,0,0
"18","Alphonse Areola","Fulham","Premier League",85,85,85,86,81,42,88,90,73,38,97,94,76,54,83,91,54,80,54,"West Ham","Premier League",-73,-79,-77,-78,-70,46,-80,-83,-32,-31,-80,-84,-57,43,-48,-43,0,0,0
"19","Andreas Luthe","Augsburg","Bundesliga",5,6,5,5,6,87,3,2,5,7,17,10,10,10,19,28,54,80,54,"Union Berlin","Bundesliga",52.5,51.5,51.5,51.5,59.5,-38.5,56.5,56,31,63,64.5,43.5,43.5,24.5,36,35,16,0,6.5
"20","Andriy Lunin","Leganés","La Liga",12,11,11,11,9,32,10,11,91,16,8,22,27,97,35,28,86,80,95,"Real Madrid","La Liga",-7,-5,-6,-6,-7,-16,-6,-6,7,-9,9,-12,-17,-87,0,0,0,0,0
"21","Andrés Fernández","Granada","La Liga",92,92,87,92,98,80,90,80,12,64,75,96,41,15,75,78,54,97,54,"Villarreal","La Liga",-76.5,-76,-72.25,-77.25,-83.25,-20.5,-74.25,-62.25,57.25,-36.75,-55,-80,-14.5,41,-37,-28.25,0,-17,0
"22","Andrés Fernández","Villarreal","La Liga",15.5,16,14.75,14.75,14.75,59.5,15.75,17.75,69.25,27.25,20,16,26.5,56,38,49.75,54,80,54,"Huesca","La Liga",16.5,16,17.25,17.25,15.25,-19.5,9.25,8.25,-40.25,-6.25,55,24,14.5,-2,12,15.25,0,0,0
"23","Angus Gunn","Southampton","Premier League",23.5,24,23.5,23.5,30.5,77,25,22.5,11.5,27,32,34,30.5,45.5,27,25.5,70,80,77,"Norwich City","Premier League",-3.5,-3,-2.5,-2.5,0.5,17,2,3.5,7.5,-11,-9,6,-11.5,-29.5,37,22.5,16,17,6
"24","Antonio Mirante","Bologna","Serie A",55.5,55.5,55,55,63.5,54,62.5,64,42.5,56,46,78.5,66.5,62.5,50,38,70,97,74.5,"Roma","Serie A",-34.8333333333333,-34.1666666666667,-34.6666666666667,-34.6666666666667,-48.1666666666667,-30,-43.1666666666667,-42,37.1666666666667,-20.3333333333333,-16,-60.5,-21.8333333333333,29.1666666666667,-20.6666666666667,-11.6666666666667,5.33333333333333,-17,4.5
"25","Asmir Begović","Bournemouth","Premier League",73,73,73,73,87,75.5,71.5,64,13,61,62.5,83.5,53.5,31.5,42.5,48,70,80,68.5,"Milan","Serie A",-68,-71,-71,-71,-83,13.5,-68.5,-61,44,-54,-54.5,-73.5,-43.5,-21.5,-23.5,-20,-16,0,-14.5
"26","Asmir Begović","Milan","Serie A",5,2,2,2,4,89,3,3,57,7,8,10,10,10,19,28,54,80,54,"Everton","Premier League",3,7,6,6,9,8,6,6,-46,9,0,6,9,68,0,0,0,0,0
"27","Baptiste Reynet","Dijon","Ligue 1",96,96,96,96,96,74,98.5,97,61.5,65,89.5,90.5,63,34,99.5,99.5,92.5,88.5,61,"Toulouse","Ligue 1",-43,-43.5,-45,-45,-17.5,0.5,-31,-34,-28.5,-30,-27,-5,-21,-9.5,-24.5,-28,-1.5,-8.5,15.5
"28","Baptiste Reynet","Toulouse","Ligue 1",53,52.5,51,51,78.5,74.5,67.5,63,33,35,62.5,85.5,42,24.5,75,71.5,91,80,76.5,"Nîmes","Ligue 1",47,47.5,49,49,20.5,7.5,30.5,31,-4,24,12.5,13.5,28,14.5,23,19.5,8,17,6.5
"29","Bartłomiej Drągowski","Empoli","Serie A",28,29,29,29,34,74,46,51,90,38,23,46,34,40,64,65,86,80,74,"Fiorentina","Serie A",26.3333333333333,25.6666666666667,22.3333333333333,23.3333333333333,24.3333333333333,-24,8,-1.33333333333334,-35,6.66666666666666,43.6666666666667,16,19.3333333333333,10.6666666666667,11.3333333333333,7.33333333333333,6.66666666666667,0,4.66666666666667
"30","Bartłomiej Drągowski","Fiorentina","Serie A",54.3333333333333,54.6666666666667,51.3333333333333,52.3333333333333,58.3333333333333,50,54,49.6666666666667,55,44.6666666666667,66.6666666666667,62,53.3333333333333,50.6666666666667,75.3333333333333,72.3333333333333,92.6666666666667,80,78.6666666666667,"Spezia","Serie A",21.6666666666667,21.3333333333333,14.6666666666667,13.6666666666667,30.6666666666667,20,34,38.3333333333333,-10,-1.66666666666666,21.3333333333333,32,3.66666666666666,-20.6666666666667,7.66666666666667,5.66666666666667,-6.66666666666667,17,-11.6666666666667
"31","Ben Foster","West Brom","Premier League",96,96,96,96,87.5,49.5,84,81.5,32.5,59,89.5,94,69.5,42,34.5,46.5,54,80,54,"Watford","Premier League",-12.6666666666667,-12.6666666666667,-12.6666666666667,-12.6666666666667,3.5,22.8333333333333,-2,-3.5,-2.5,-2,-18.1666666666667,-2,-9.5,-7.33333333333334,43.8333333333333,33.8333333333333,32,0,11.6666666666667
"32","Ben Hamer","Leicester City","Premier League",10,9,8,8,11,93,6,5,2,7,17,16,19,78,19,28,54,80,54,"Huddersfield","Premier League",6,8,7,7,19,6,15,13,3,0,0,24,-9,-68,31,37,0,0,0
"33","Benjamin Lecomte","Lorient","Ligue 1",62,62,62,62,86,73,88,86,42,52,41,96,41,18,64,48,86,97,83,"Montpellier","Ligue 1",14,14,14,14,-35.6666666666667,-53.3333333333333,-29,-22.3333333333333,37.6666666666667,19,35.3333333333333,-44.6666666666667,42.6666666666667,63,10,18,-7.33333333333333,-5.66666666666667,-8.66666666666667
"34","Benjamin Lecomte","Montpellier","Ligue 1",76,76,76,76,50.3333333333333,19.6666666666667,59,63.6666666666667,79.6666666666667,71,76.3333333333333,51.3333333333333,83.6666666666667,81,74,66,78.6666666666667,91.3333333333333,74.3333333333333,"Monaco","Ligue 1",-22,-21,-21,-21,6.16666666666666,18.3333333333333,-7.5,-13.6666666666667,-41.6666666666667,9.5,-17.3333333333333,-2.83333333333334,-5.66666666666667,-6.5,-7.5,12,-24.6666666666667,-11.3333333333333,-20.3333333333333
"35","Benoît Costil","Rennes","Ligue 1",100,100,100,100,69,22,76,79,56,75,98,73,91,72,64,28,86,99,95,"Bordeaux","Ligue 1",-24.2,-24,-24,-23.8,8,25.4,-6.2,-14,-14.8,-13,-21.6,8,-27,-23.2,16,51.6,-3.59999999999999,-19,-25.4
"36","Benoît Costil","Bordeaux","Ligue 1",75.8,76,76,76.2,77,47.4,69.8,65,41.2,62,76.4,81,64,48.8,80,79.6,82.4,80,69.6,"Auxerre","Ligue 1",-37.8,-38,-38,-38.2,-10,43.6,-23.8,-26,-32.2,-35,-35.4,-8,-37,-33.8,-30,-14.6,-28.4,0,-15.6
"37","Bernd Leno","Leverkusen","Bundesliga",73,73,73,73,77.5,48.5,70.5,66.5,34,77,81.5,67.5,69.5,49,62.5,75,54,80,54,"Arsenal","Premier League",-5,-6,-7.66666666666667,-7.33333333333333,-14.5,-14.5,1.83333333333333,10.1666666666667,37.3333333333333,1.33333333333333,-7.16666666666667,-9.83333333333334,1.16666666666667,4.66666666666666,8.5,-3.33333333333333,21.3333333333333,0,15.3333333333333
"38","Bernd Leno","Arsenal","Premier League",68,67,65.3333333333333,65.6666666666667,63,34,72.3333333333333,76.6666666666667,71.3333333333333,78.3333333333333,74.3333333333333,57.6666666666667,70.6666666666667,53.6666666666667,71,71.6666666666667,75.3333333333333,80,69.3333333333333,"Fulham","Premier League",17,18,19.6666666666667,20.3333333333333,22,16,24.6666666666667,22.3333333333333,13.6666666666667,5.66666666666667,-23.3333333333333,31.3333333333333,-0.666666666666671,-10.6666666666667,22,24.3333333333333,10.6666666666667,0,-12.3333333333333
"39","Bingourou Kamara","Strasbourg","Ligue 1",28,28.5,27,27,35.5,75,28.5,27,13.5,27,33.5,48.5,27,34.5,27,38,54,80,54,"Montpellier","Ligue 1",-16,-17.5,-16,-16,-18.5,19,-15.5,-16,-4.5,-20,-16.5,-26.5,-17,-24.5,23,-10,32,17,41
"40","Boris Radunović","Hellas Verona","Serie A",8,9,8,8,13,97,7,6,9,16,8,16,19,78,35,48,54,80,54,"Cagliari","Serie A",0,0,0,0,-4,-25,2,3,75,-9,15,-6,0,0,0,-20,32,0,41
"41","Brice Samba","Caen","Ligue 1",55,54.5,54.5,54.5,47.5,37.5,53.5,55,88,32,56.5,53,51.5,73.5,56,59.5,75,80,64,"Lens","Ligue 1",37,37.5,37.5,37.5,-5.5,-32.5,9.5,22,5,66,26.5,-25,45.5,16.5,-6,5.5,-21,0,-10
"42","Christian Mathenia","Hamburger SV","Bundesliga",37,37.5,37.5,37.5,43.5,55,36,35,33.5,35.5,50,58,45.5,47,49.5,56.5,54,88.5,54,"Nürnberg","Bundesliga",6,5.5,3.5,3.5,21.5,26,23,24,0.5,-19.5,17,24,-18.5,-33,-14.5,-8.5,0,-8.5,0
"43","Christian Puggioni","Sampdoria","Serie A",30.5,31,31,31,36.5,57,39.5,43,79,38,45,36.5,37.5,56,62.5,71.5,70,80,60.5,"Benevento","Serie A",-2.5,-2,-4,-4,1.5,27,-8.5,-14,-45,-11,-28,26.5,-10.5,-35,20.5,13.5,-16,17,-6.5
"44","Ciprian Tătărușanu","Fiorentina","Serie A",80,80,76,76,85,55,84,83,47,81,88,63,86,71,75,78,54,97,54,"Nantes","Ligue 1",-7.5,-7.5,-5,-5,-32,-34.5,-27,-24,8.5,-14.5,-14.5,15,-9,-6,-18,-40,22.5,-8.5,21.5
"45","Ciprian Tătărușanu","Nantes","Ligue 1",72.5,72.5,71,71,53,20.5,57,59,55.5,66.5,73.5,78,77,65,57,38,76.5,88.5,75.5,"Milan","Serie A",-56.5,-56.1666666666667,-55,-55,-36.3333333333333,51.5,-42,-44.3333333333333,-16.5,-33.5,-51.5,-64.6666666666667,-53.6666666666667,-34.3333333333333,-22.3333333333333,3.33333333333334,-11.8333333333333,-8.5,-11.8333333333333
"46","Claudio Bravo","Barcelona","La Liga",65,66,63,66,31,2,52,64,93,98,41,28,98,97,19,28,54,80,54,"Manchester City","Premier League",-22,-23,-21,-24,7,26,-24,-38,-88,-23,10,6,-48,-53,0,-25,32,0,46
"47","Claudio Bravo","Manchester City","Premier League",43,43,42,42,38,28,28,26,5,75,51,34,50,44,19,3,86,80,100,"Betis","La Liga",-11,-10.3333333333333,-10.6666666666667,-10.6666666666667,-12.6666666666667,-6.66666666666667,-1,3,58.3333333333333,-27.6666666666667,1.33333333333334,-8,1.33333333333334,32,18.6666666666667,41.6666666666667,-21.3333333333333,0,-41.6666666666667
"48","Daniele Padelli","Torino","Serie A",5,6,5,5,6,87,3,2,5,16,8,10,10,10,19,28,54,80,54,"Inter","Serie A",5,5,3,3,0,-45,1,1,8,5,0,0,9,44,0,0,0,0,0
"49","David Soria","Sevilla","La Liga",30,30,29,29,27,44,27,29,52,48,41,28,50,78,50,48,54,97,54,"Getafe","La Liga",57.6,57.8,57.2,57.2,33.4,-25.2,36.8,36.8,10.4,16.2,51.4,49.2,41.2,2.59999999999999,32.4,28,34.8,-10.2,19.2
"50","Dean Henderson","Sheffield Utd","Premier League",85,85,85,86,52,10,65,72,79,81,93,67,93,82,50,28,86,97,95,"Nott'ham Forest","Premier League",-49,-49,-49,-50,-4,65,-25,-36,-56,-43,-42,-17,-36,-4,25,20,10,0,0
"51","Diego Benaglio","Wolfsburg","Bundesliga",28,29,29,29,31,65,30,30,36,38,17,50,34,40,64,48,86,97,83,"Monaco","Ligue 1",16,14,14,14,29,5,16,10,-20,-5,42,23,7,-8,11,17,10,-17,3
"52","Diego Mariño","Levante","La Liga",44,44,44,44,72,82,60,58,25,43,32,82,34,18,50,65,54,80,54,"Sporting Gijón","La Liga",-39,-38,-39,-39,-68,-24,-54,-51,70,-27,-24,-72,-24,-8,-31,-37,0,0,0
"53","Donovan Léon","Brest","Ligue 1",5,2,2,2,4,92,6,7,95,16,8,2,19,100,19,28,54,80,54,"Auxerre","Ligue 1",0,4,3,3,-2,-76,0,0,4,0,9,0,-9,-90,0,0,0,0,0
"54","Edouard Mendy","Reims","Ligue 1",100,100,100,100,69,22,81,86,85,78,100,57,95,84,89,96,54,80,54,"Rennes","Ligue 1",-54,-54,-54,-54,-42,-17,-45,-43,7,0,-49,-17,-19,1,-25,-31,32,0,20
"55","Edouard Mendy","Rennes","Ligue 1",46,46,46,46,27,5,36,43,92,78,51,40,76,85,64,65,86,80,74,"Chelsea","Premier League",23,23,22,22,15,3,7.5,2.5,-23,13,26.5,0,20.5,8.5,2.5,4.5,-16,0,-5.5
"56","Eiji Kawashima","Metz","Ligue 1",34.5,35,33.5,33.5,52.5,59,51,49,45,29.5,42,54,23,24.5,27,3,91,80,100,"Strasbourg","Ligue 1",11.5,11,12.5,12.5,-4.5,-21,-8,-7,-2,22.5,25,3,47,53.5,48,62,-5,17,-26
"57","Emiliano Martínez","Getafe","La Liga",12,13,12,12,11,48,10,10,37,21,17,16,27,90,19,28,54,80,54,"Arsenal","Premier League",0.5,-0.5,0,0,-2,-10,2.5,4,49.5,6,-4.5,-3,-0.5,1,0,0,0,0,0
"58","Emiliano Martínez","Arsenal","Premier League",12.5,12.5,12,12,9,38,12.5,14,86.5,27,12.5,13,26.5,91,19,28,54,80,54,"Aston Villa","Premier League",77.5,77.5,75.3333333333333,75.6666666666667,63.6666666666667,-7.33333333333333,66.8333333333333,67,-19.1666666666667,57.6666666666667,51.8333333333333,70.3333333333333,63.1666666666667,-15.6666666666667,61.3333333333333,52.3333333333333,32,5.66666666666667,11.3333333333333
"59","Emiliano Viviano","Sampdoria","Serie A",43.5,44,43.5,43.5,50,47,50.5,49.5,55.5,59,46,53.5,45.5,36.5,66.5,48,93,80,90,"SPAL","Serie A",-9.5,-9,-10.5,-10.5,-14,8,-11.5,-7.5,23.5,-11,-14,-7.5,-11.5,-6.5,-2.5,30,-39,0,-36
"60","Etrit Berisha","Atalanta","Serie A",49.3333333333333,49.3333333333333,49.3333333333333,49.3333333333333,42.6666666666667,28,37.3333333333333,37.3333333333333,29.6666666666667,73.6666666666667,62.3333333333333,39.3333333333333,68.6666666666667,68.6666666666667,40,40.3333333333333,64.6666666666667,85.6666666666667,67.6666666666667,"SPAL","Serie A",0.666666666666664,0.666666666666664,0.666666666666664,0.666666666666664,30.3333333333333,45,41.6666666666667,45.6666666666667,44.3333333333333,-35.6666666666667,-30.3333333333333,54.6666666666667,-34.6666666666667,-52.6666666666667,43,50.6666666666667,-10.6666666666667,-5.66666666666667,-13.6666666666667
"61","Etrit Berisha","SPAL","Serie A",50,50,50,50,73,73,79,83,74,38,32,94,34,16,83,91,54,80,54,"Torino","Serie A",-28,-27,-28,-28,-60,-67,-59,-59,23,-11,9,-72,7,74,-33,-43,32,0,29
"62","Fabian Bredlow","Nürnberg","Bundesliga",28,25,26,26,42,92,29,24,3,21,32,46,27,28,35,3,86,97,100,"Stuttgart","Bundesliga",2,5,4,4,-10,-31,-1,3,42,12,19,-6,-8,-17,40,82,-32,-17,-46
"63","Fernando Pacheco","Alavés","La Liga",82.3333333333333,79.6666666666667,78.3333333333333,78.5,79,49.5,76.3333333333333,72.8333333333333,51.5,65.1666666666667,70.5,85.3333333333333,71.6666666666667,50.5,84.3333333333333,85.5,83,82.8333333333333,69.6666666666667,"Espanyol","La Liga",-50.3333333333333,-47.6666666666667,-46.3333333333333,-46.5,-27,39.5,-35.3333333333333,-34.8333333333333,-21.5,-32.1666666666667,-38.5,-28.3333333333333,-37.6666666666667,-17.5,-9.33333333333333,-7.5,3,-2.83333333333333,-2.66666666666667
"64","Florian Müller","Mainz 05","Bundesliga",28.3333333333333,28,27.6666666666667,28,39.6666666666667,71.3333333333333,34.6666666666667,33.3333333333333,27.6666666666667,31.6666666666667,24,48.6666666666667,32,34.3333333333333,44.3333333333333,38.6666666666667,75.3333333333333,85.6666666666667,79,"Freiburg","Bundesliga",33.6666666666667,34,34.3333333333333,34,37.3333333333333,-16.3333333333333,50.3333333333333,54.6666666666667,32.3333333333333,38.3333333333333,51,24.3333333333333,25,0.666666666666664,5.66666666666666,9.33333333333334,10.6666666666667,-5.66666666666667,4
"65","Florian Müller","Freiburg","Bundesliga",62,62,62,62,77,55,85,88,60,70,75,73,57,35,50,48,86,80,83,"Stuttgart","Bundesliga",-13.5,-13.5,-13.5,-13.5,-7,22,-28,-36.5,-43,-32.5,2.5,-5.5,-27,-20.5,-8.5,5,-32,0,-29
"66","Fraser Forster","Southampton","Premier League",48.75,49,48.75,48.75,49.75,54.75,44.5,43.25,40,46,53.5,56,49.25,50,50,47.5,78,84.75,74,"Tottenham","Premier League",-20.75,-22,-20.75,-20.75,-15.75,23.25,-18.5,-21.25,-31,-8,-21.5,-22,-15.25,-5,0,0.5,8,-4.75,9
"67","Frederik Rønnow","Eint Frankfurt","Bundesliga",20,21,21,21,21,64,23,26,80,21,32,28,19,16,35,48,54,80,54,"Schalke 04","Bundesliga",3,2,1,2,13,29,9,6,-32,-14,9,12,0,-2,29,30,0,0,0
"68","Frederik Rønnow","Schalke 04","Bundesliga",23,23,22,23,34,93,32,32,48,7,41,40,19,14,64,78,54,80,54,"Union Berlin","Bundesliga",34,34,35,34,6,-83,28,38,47,80,26,0,67,72,11,7,0,0,0
"69","Gabriel","Cagliari","Serie A",8,9,8,8,9,72,6,7,43,16,17,10,10,10,19,28,54,80,54,"Lecce","Serie A",68,67,62,62,91,21,94,93,10,27,58,88,17,1,81,71,42,0,8
"70","Gerónimo Rulli","Real Sociedad","La Liga",72,72,71,71,72.25,47.25,66.5,66.5,39,74,71,68.75,73.25,59,74.25,67.25,86,89.5,72.75,"Montpellier","Ligue 1",-24,-24,-23,-23,-32.25,-27.25,-6.5,2.5,53,-4,-4,-22.75,-3.25,14,0.75,-2.25,10,-9.5,13.25
"71","Gerónimo Rulli","Montpellier","Ligue 1",48,48,48,48,40,20,60,69,92,70,67,46,70,73,75,65,96,80,86,"Villarreal","La Liga",17,18,17,18,2,-12,-12,-17,-13,11,16,11,25,19,-11,0,-10,0,-12
"72","Gianluigi Buffon","Juventus","Serie A",34.5,35,34.25,34.25,19.75,8,24.5,27.5,83.5,70.25,22.25,15.5,57.5,72.25,42,42.25,70,84.25,66.25,"Paris S-G","Ligue 1",-0.5,0,-0.25,-0.25,5.25,10,6.5,7.5,-11.5,7.75,-5.25,6.5,-0.5,8.75,-7,-14.25,16,-4.25,28.75
"73","Gianluigi Donnarumma","Milan","Serie A",92.4,92.4,89.8,89.8,64.2,20.2,73.2,76.2,69.8,92.4,81.2,55.8,90.8,75.4,73.8,64.8,84.4,90.8,76.4,"Paris S-G","Ligue 1",-29.4,-28.9,-26.8,-26.8,-23.2,-4.2,-16.7,-14.2,9.7,-3.90000000000001,-49.2,-27.8,-19.3,-2.90000000000001,-32.3,-26.8,-14.4,-2.3,-7.90000000000001
"74","Gorka Iraizoz","Athletic Club","La Liga",62,61,58.5,58.5,44,30.5,44.5,49.5,44,63.5,53.5,59.5,63.5,58.5,62.5,53,91,80,82,"Girona","La Liga",-46,-46,-43.5,-43.5,-29,36.5,-24.5,-27.5,48,-47.5,-45.5,-25.5,-44.5,-30.5,-27.5,-5,-37,0,-28
"75","Gregor Kobel","Augsburg","Bundesliga",32,32,30,30,69,97,44,36,4,33,23,63,34,33,35,28,86,80,95,"Hoffenheim","Bundesliga",-30,-30,-28,-28,-68,-81,-41,-31,96,-17,-15,-61,-24,-23,-16,0,-32,0,-41
"76","Gregor Kobel","Hoffenheim","Bundesliga",2,2,2,2,1,16,3,5,100,16,8,2,10,10,19,28,54,80,54,"Stuttgart","Bundesliga",68,68,68,68,88,54,82,75,-59,54,75,76,40,13,70,57,42,0,22
"77","Gregor Kobel","Stuttgart","Bundesliga",70,70,70,70,89,70,85,80,41,70,83,78,50,23,89,85,96,80,76,"Dortmund","Bundesliga",-15,-15,-16,-16,-33,-33.5,-28,-20.5,11,23.5,-51,-41,24.5,46.5,-54.5,-38.5,-42,0,-22
"78","Guillermo Ochoa","Granada","La Liga",100,100,100,100,100,91,100,100,30,33,75,100,34,12,64,48,86,97,83,"Salernitana","Serie A",-62,-62,-62,-62,-52,-22,-51,-50,26,0,13,-66,7,27,-14,0,0,-17,0
"79","Iago Herrerín","Leganés","La Liga",41,41,39,39,36,31,31,32,29,33,67,63,57,62,64,65,86,80,74,"Athletic Club","La Liga",-12.6666666666667,-13.3333333333333,-11.3333333333333,-11.3333333333333,-11.6666666666667,9.33333333333334,-11,-12.3333333333333,13.3333333333333,6.33333333333334,-21.3333333333333,-40,-12.6666666666667,-2,-19,-11.3333333333333,-21.3333333333333,0,-10.3333333333333
"80","Ionuț Radu","Genoa","Serie A",52,52.5,52,52,66,68,63,63,57,32,74.5,70.5,42,24,86,88,70,88.5,58,"Auxerre","Ligue 1",-20,-20.5,-20,-20,-42,-50,-31,-28,19,1,-15.5,-30.5,8,47,-51,-85,26,-8.5,42
"81","Ionuț Radu","Auxerre","Ligue 1",32,32,32,32,24,18,32,35,76,33,59,40,50,71,35,3,96,80,100,"Cremonese","Serie A",-12,-11,-11,-11,3,72,-2,-3,3,-26,-27,0,-31,-55,15,62,-42,0,-46
"82","Ivan Provedel","Empoli","Serie A",32,32,32,32,57,93,51,50,36,33,41,50,10,10,64,65,54,97,54,"Spezia","Serie A",27.5,27.5,26.5,26.5,31,-14.5,27,23,7,18,28.5,35,42,21.5,30,30,16,-7.5,2.5
"83","Ivan Provedel","Spezia","Serie A",59.5,59.5,58.5,58.5,88,78.5,78,73,43,51,69.5,85,52,31.5,94,95,70,89.5,56.5,"Lazio","Serie A",32.5,25.5,27.5,27.5,-42,-71.5,-14,4,43,43,5.5,-35,48,67.5,-59,-67,-16,7.5,-2.5
"84","Ivo Grbić","Lille","Ligue 1",41,41,41,41,42,42,40,41,44,52,67,40,27,14,35,48,54,80,54,"Atlético Madrid","La Liga",-18,-20,-20,-20,-25,-15,-19,-18,50,-9,-44,-30,0,29,15,17,0,0,0
"85","Iván Cuéllar","Sporting Gijón","La Liga",75,75.5,75,76,90.5,72,90,92.5,41.5,47.5,81.5,93.5,63,38,93,88,91,89.5,68,"Leganés","La Liga",-5.33333333333333,-5.83333333333333,-7.66666666666667,-8,-29.1666666666667,-44,-31,-33.8333333333333,4.83333333333334,13.1666666666667,0.5,-16.1666666666667,15,29.6666666666667,-42,-34.3333333333333,-15.6666666666667,-9.5,2.33333333333333
"86","Jack Butland","Stoke City","Premier League",80,80,80,80,95,76,99,99,61,48,93,92,57,28,75,85,54,80,54,"Crystal Palace","Premier League",-60,-61,-61,-61,-76,-15,-84,-85,-59,-27,-52,-76,-38,-11,-56,-82,32,0,46
"87","Jasper Cillessen","Barcelona","La Liga",8,9,8,8,6,42,7,9,91,16,17,10,19,78,19,28,54,80,54,"Valencia","La Liga",26,25.6666666666667,24.6666666666667,24.6666666666667,29.6666666666667,4,30,29.6666666666667,-18,29,36,26,20.3333333333333,-33,51.3333333333333,40,35.3333333333333,0,23
"88","Jean-Louis Leca","Bastia","Ligue 1",76,76,71,71,72,36,77,79,66,52,83,89,70,47,93,78,99,97,87,"Lens","Ligue 1",-3.5,-3.5,-4,-4,-3.5,5.5,-17.5,-22.5,-18.5,22,2.5,-29,-10,-10,-12,4,-29,-17,-23
"89","Jessy Moulin","Saint-Étienne","Ligue 1",26.3333333333333,26.3333333333333,25.6666666666667,25.6666666666667,28.3333333333333,45.6666666666667,25.3333333333333,26,69,29.6666666666667,38,33,40.6666666666667,79.3333333333333,39.3333333333333,51.3333333333333,54,80,54,"Troyes","Ligue 1",-10.3333333333333,-9.33333333333333,-9.66666666666667,-9.66666666666667,-15.3333333333333,-20.6666666666667,-12.3333333333333,-12,10,-13.6666666666667,-6,-11,-21.6666666666667,-58.3333333333333,-4.33333333333334,-3.33333333333334,0,0,0
"90","Joe Hart","Torino","Serie A",85,85,85,86,96,75,90,81,25,75,98,63,50,20,83,91,54,80,54,"West Ham","Premier League",-47,-47,-47,-48,-34,13,-47,-45,-14,-48,-39,0,-9,19,-8,-13,32,0,13
"91","Joe Hart","West Ham","Premier League",38,38,38,38,62,88,43,36,11,27,59,63,41,39,75,78,86,80,67,"Burnley","Premier League",0,0,0,0,5,3,14,19,11,0,-27,15,0,0,-40,-50,0,0,28
"92","Joel Robles","Everton","Premier League",39,38,38,38,28,17,37,43,87,75,41,22,82,98,35,48,54,80,54,"Betis","La Liga",0.333333333333336,1.66666666666666,0,0,14,23.3333333333333,-1.33333333333334,-8.66666666666666,-29.3333333333333,-28.6666666666667,3.33333333333334,24.6666666666667,-40,-52,29.3333333333333,20.6666666666667,10.6666666666667,0,4.33333333333334
"93","Joel Robles","Betis","La Liga",39.3333333333333,39.6666666666667,38,38,42,40.3333333333333,35.6666666666667,34.3333333333333,57.6666666666667,46.3333333333333,44.3333333333333,46.6666666666667,42,46,64.3333333333333,68.6666666666667,64.6666666666667,80,58.3333333333333,"Leeds United","Premier League",-29.3333333333333,-28.6666666666667,-27,-27,-25,56.6666666666667,-21.6666666666667,-20.3333333333333,-28.6666666666667,-39.3333333333333,-27.3333333333333,-24.6666666666667,-32,-36,-14.3333333333333,-20.6666666666667,-10.6666666666667,17,-4.33333333333334
"94","Jonas Lössl","Mainz 05","Bundesliga",53,53,53,53,77,74,70,66,35,52,51,82,50,33,64,65,86,80,74,"Huddersfield","Premier League",28,26.5,27.5,27.5,14,-5.5,10.5,5,-14.5,-9,18.5,15.5,16,9.5,15,13,5,0,1
"95","Jonas Omlin","Montpellier","Ligue 1",49,49.3333333333333,46.6666666666667,47,63.3333333333333,71,68,70,64,55.3333333333333,48.6666666666667,67.3333333333333,41.3333333333333,30.3333333333333,75.6666666666667,76.6666666666667,75.3333333333333,80,67.3333333333333,"M'Gladbach","Bundesliga",-19,-19.3333333333333,-17.6666666666667,-18,-38.3333333333333,-36,-42,-42,-7,-17.3333333333333,-7.66666666666666,-27.3333333333333,8.66666666666666,47.6666666666667,-40.6666666666667,-28.6666666666667,-21.3333333333333,0,-13.3333333333333
"96","Jordan Pickford","Sunderland","Premier League",57,57,57,57,83,75,97,98,76,38,41,98,41,19,35,48,54,80,54,"Everton","Premier League",32,32,31.6666666666667,31.6666666666667,1.66666666666667,-23,-14.3333333333333,-17,-38.1666666666667,34.6666666666667,36.5,-13.1666666666667,37,37.6666666666667,26,8.5,18.1666666666667,8.5,11.6666666666667
"97","Juan Carlos","Rayo Vallecano","La Liga",41,38,39,39,57,79,46,47,25,33,75,46,34,25,64,65,86,80,74,"Girona","La Liga",-19,-15,-17,-17,-32,0,-25,-28,-11,-12,-52,-6,-24,-15,-29,-17,-32,0,-20
"98","Juan Musso","Udinese","Serie A",79,79,78,79,78.3333333333333,47.3333333333333,84.6666666666667,86,84.6666666666667,64.3333333333333,82,84.6666666666667,76,59.3333333333333,97,98.6666666666667,68,80,58.3333333333333,"Atalanta","Serie A",-21,-21,-23,-24,-23.8333333333333,-15.3333333333333,-33.6666666666667,-33.5,-39.6666666666667,18.1666666666667,-24,-33.1666666666667,-9.5,-2.33333333333334,-47.5,-42.1666666666667,-14,8.5,-4.33333333333334
"99","Juan Soriano","Sevilla","La Liga",10,11,9,11,2,0,6,7,99,33,8,2,27,97,19,28,54,80,54,"Leganés","La Liga",13,13,14,12,23,70,14,11,-70,-17,24,44,-8,-83,56,57,0,0,0
"100","Kasper Schmeichel","Leicester City","Premier League",86.8333333333333,86.8333333333333,86.1666666666667,86.1666666666667,80.3333333333333,46.5,78.1666666666667,76,50.1666666666667,80.1666666666667,74,78,77.3333333333333,56.6666666666667,72.1666666666667,75,75,80,65.6666666666667,"Nice","Ligue 1",-6.83333333333333,-6.83333333333333,-6.16666666666667,-6.16666666666667,-26.3333333333333,-34.5,-8.16666666666667,2,34.8333333333333,0.833333333333329,22,-21,8.66666666666667,14.3333333333333,2.83333333333333,-10,11,17,8.33333333333333
"101","Kepa Arrizabalaga","Athletic Club","La Liga",59,59,59,59,72,51,71,72,42,48,83,82,63,46,50,28,96,80,97,"Chelsea","Premier League",-2,-2.25,-2.75,-2.5,-20.5,-19.25,-26,-27.5,-3,16.5,-27.5,-30.5,4,25.5,-23,5,-34,0,-32.75
"102","Kevin Trapp","Paris S-G","Ligue 1",28,28.5,28,28,12.5,8.5,17.5,21,94,59,24.5,13,58,76.5,35,38,70,80,74.5,"Eint Frankfurt","Bundesliga",35.6,35.3,34.8,35,65.3,53.5,56.5,51.4,-57.4,16.4,53.9,43.6,-6.2,-45.5,9,14,-9.6,3.40000000000001,-17.9
"103","Keylor Navas","Real Madrid","La Liga",60.6666666666667,60.6666666666667,60.6666666666667,60.6666666666667,46,19,56.3333333333333,63.3333333333333,76,93,55.6666666666667,24,68.6666666666667,58.6666666666667,54.3333333333333,34.6666666666667,83,85.6666666666667,82,"Paris S-G","Ligue 1",-11.6666666666667,-11.6666666666667,-13.6666666666667,-13.6666666666667,-21,-14.5,-16.8333333333333,-15.3333333333333,17.5,-6.5,-10.1666666666667,1,10.3333333333333,27.8333333333333,-19.3333333333333,3.33333333333334,-13,-5.66666666666667,-7.5
"104","Keylor Navas","Paris S-G","Ligue 1",49,49,47,47,25,4.5,39.5,48,93.5,86.5,45.5,25,79,86.5,35,38,70,80,74.5,"Nott'ham Forest","Premier League",-15,-14,-14,-13,25,77.5,-0.5,-12,-68.5,-53.5,-4.5,32,-60,-75.5,29,40,-16,0,-20.5
"105","Lorenzo Montipò","Benevento","Serie A",92,92,92,92,100,87,93,80,8,48,93,96,63,34,75,78,86,80,67,"Hellas Verona","Serie A",-11.5,-11.5,-11.5,-11,-13,-27.5,-10,0,19.5,15,-7.5,-13.5,-17.5,-16,-40.5,-52.5,0,0,24.5
"106","Luigi Sepe","Parma","Serie A",84.3333333333333,84.3333333333333,84.3333333333333,84.6666666666667,93.6666666666667,73.6666666666667,96.6666666666667,94,54,56.3333333333333,81.6666666666667,91,60.6666666666667,33.6666666666667,74.6666666666667,79,69,80,63.6666666666667,"Salernitana","Serie A",-51.3333333333333,-50.8333333333333,-52.3333333333333,-52.6666666666667,-56.6666666666667,-9.16666666666667,-58.1666666666667,-55,15,-23.3333333333333,-18.6666666666667,-52,-34.1666666666667,-13.1666666666667,-5.16666666666667,-7.5,7.5,0,6.83333333333334
"107","Lukáš Hrádecký","Eint Frankfurt","Bundesliga",73,73,70.5,71,70,37.5,62,59.5,31.5,72.5,75,78,72.5,52.5,57,56.5,54,97,54,"Leverkusen","Bundesliga",-6.40000000000001,-6,-4.90000000000001,-4.40000000000001,-0.400000000000006,3.3,5.40000000000001,8.09999999999999,12.9,13.9,-10,-21.4,2.3,7.1,0.399999999999999,0.5,19.2,-13.6,18
"108","Marc-Aurèle Caillard","Guingamp","Ligue 1",41,41,41,41,54,68,44,41,18,33,67,63,57,62,35,28,86,80,95,"Metz","Ligue 1",-16,-18,-18.5,-18.5,-23.5,17,-17.5,-15.5,21.5,-13,-33,-27,-27,-24.5,7.5,28.5,-32,0,-41
"109","Marco Silvestri","Hellas Verona","Serie A",78,78,78,78,70.5,31.5,77,80.5,75.5,70,90,74.5,69.5,46,89,93.5,54,88.5,54,"Udinese","Serie A",8,8,8,8,10.5,12,-5.5,-13,-37.5,-3,7.5,-2,3,2,0,-5.5,0,9.5,0
"110","Marco Sportiello","Fiorentina","Serie A",48.5,49,43,43,33,53,34.5,35.5,33,51.5,45.5,41.5,52.5,48,34.5,38,70,80,68.5,"Frosinone","Serie A",31.5,31,37,37,64,28,64.5,62.5,19,-13.5,37.5,57.5,17.5,-3,40.5,47,-16,0,-14.5
"111","Marco Sportiello","Frosinone","Serie A",80,80,80,80,97,81,99,98,52,38,83,99,70,45,75,85,54,80,54,"Atalanta","Serie A",-58,-58.5,-58.25,-58.25,-75.25,-32.5,-79.5,-79,-12,-5.25,-57,-75.5,-43,3,-48,-52,8,0,10.25
"112","Marwin Hitz","Augsburg","Bundesliga",65,66,65,66,76,52,87.5,89.5,66,61.5,85.5,77.5,69.5,51,55,53,70,88.5,74.5,"Dortmund","Bundesliga",-43,-44.5,-44.5,-45.5,-56,5,-70,-73.5,-43.5,-18.5,-70,-55.5,-33,0,-20,-5,-16,-8.5,-20.5
"113","Mathew Ryan","Valencia","La Liga",11.5,12.5,11.5,11.5,11.5,60,9.5,11,37.5,7,24.5,22,14.5,13.5,27,28,70,80,74.5,"Brighton","Premier League",63.25,62.5,63.25,63.25,62.25,0.75,61.25,57,-5,40.75,53.25,53.5,46,28.25,33.5,35,-5.5,0,-9.75
"114","Mathew Ryan","Brighton","Premier League",74.75,75,74.75,74.75,73.75,60.75,70.75,68,32.5,47.75,77.75,75.5,60.5,41.75,60.5,63,64.5,80,64.75,"Arsenal","Premier League",-66.75,-66,-66.75,-66.75,-71.75,-58.75,-65.75,-61,66.5,-31.75,-60.75,-65.5,-41.5,36.25,-41.5,-35,-10.5,0,-10.75
"115","Mathew Ryan","Arsenal","Premier League",8,9,8,8,2,2,5,7,99,16,17,10,19,78,19,28,54,80,54,"Real Sociedad","La Liga",0,0,0,0,7,70,2,2,-30,5,-9,0,0,0,0,0,0,0,0
"116","Matthieu Dreyer","Caen","Ligue 1",5,6,5,5,2,16,6,7,99,16,8,10,19,97,19,28,54,80,54,"Lorient","Ligue 1",26,25,26,26,34,52,20.5,17,-84,22,38,30,26,-41.5,32,31.5,0,0,0
"117","Mattia Perin","Genoa","Serie A",57.5,57.75,56.5,57.25,57.25,46.5,63,65.25,57.25,53.5,65,66,67,65.25,63,62.5,62,88.5,61.25,"Juventus","Serie A",-36,-35.75,-34.5,-35.25,-45.25,-41.5,-46,-45.25,28.25,-13,-40.5,-50,-13.5,33.75,-36,-34.5,8,-8.5,13.25
"118","Maxime Dupé","Nantes","Ligue 1",19,19,18.6666666666667,18.6666666666667,18.6666666666667,67.3333333333333,16.3333333333333,15.3333333333333,26.6666666666667,32.3333333333333,24,20,26.3333333333333,31.6666666666667,39.6666666666667,47,64.6666666666667,80,63.6666666666667,"Toulouse","Ligue 1",73,73,73.3333333333333,73.3333333333333,72.3333333333333,-8.33333333333333,76.6666666666667,75.6666666666667,19.3333333333333,42.6666666666667,59,69,49.6666666666667,18.3333333333333,49.3333333333333,31,34.3333333333333,0,23.3333333333333
"119","Michael Esser","Darmstadt 98","Bundesliga",54,55,53,53,83,80,77,72,41,43,32,96,34,15,89,85,86,97,62,"Hannover 96","Bundesliga",11,11,12,13,15,9,22,27,16,-5,27,3,16,9,-6,0,0,-17,0
"120","Michael Esser","Hannover 96","Bundesliga",65,66,65,66,98,89,99,99,57,38,59,99,50,24,83,85,86,80,62,"Bochum","Bundesliga",-57,-57,-57,-58,-87,5,-88,-87,25,-17,-51,-89,-40,-14,-48,-37,-32,0,-8
"121","Mike Maignan","Lille","Ligue 1",82.5,82.75,81.5,81.5,52.75,21.25,60.25,64,71.25,85.5,71,54.25,84.5,75.25,72.75,65.5,91,89,80.5,"Milan","Serie A",-29.5,-29.25,-28.5,-28,-23.75,-14.75,-21.25,-19.5,1.25,-5.5,-4,-29.25,0,16.75,-30.25,-17.5,-21,-9,-12
"122","Neto","Valencia","La Liga",73,73,73,73,53,16,74.5,84.5,92,84.5,82.5,48,82,66.5,84,80.5,91,80,71.5,"Barcelona","La Liga",-57,-56,-57,-57,-43,-9,-61.5,-69.5,5,-57.5,-59.5,-32,-48,25.5,-49,-32.5,-37,0,-17.5
"123","Neto","Barcelona","La Liga",16,17,16,16,10,7,13,15,97,27,23,16,34,92,35,48,54,80,54,"Bournemouth","Premier League",37,36,34,34,52,48,60,63,-21,32,36,57,23,-49,40,30,0,17,0
"124","Nick Pope","Burnley","Premier League",82.5,81.75,81.75,82.25,68.75,30.75,84.5,90.75,79,67.75,89.25,78,87.5,75.5,68.75,73.25,70,84.25,62.25,"Newcastle Utd","Premier League",9.5,10.25,4.25,3.75,-18.75,-22.75,-25.5,-27.75,-3,25.25,7.75,-44,7.5,10.5,6.25,-25.25,26,12.75,32.75
"125","Oier Olazábal","Real Sociedad","La Liga",8,6,5,5,9,84,3,3,5,16,8,10,19,97,35,48,54,80,54,"Levante","La Liga",37.5,39.5,40.5,40.5,54.5,-13.5,63,65,60,37.5,51,50,37.5,-44,44,33.5,16,8.5,6.5
"126","Oier Olazábal","Levante","La Liga",45.5,45.5,45.5,45.5,63.5,70.5,66,68,65,53.5,59,60,56.5,53,79,81.5,70,88.5,60.5,"Espanyol","La Liga",-40.5,-43.5,-43.5,-43.5,-62.5,-68.5,-62,-61,35,-46.5,-51,-50,-37.5,47,-60,-53.5,-16,-8.5,-6.5
"127","Orestis Karnezis","Udinese","Serie A",70,70,67,67,75,45,66,62,51,70,67,85,63,39,93,96,54,97,54,"Watford","Premier League",-40,-41,-38,-38,-41,27,-40,-38,-38,-37,-35,-39,-22,23,-43,-31,0,-17,0
"128","Orestis Karnezis","Watford","Premier League",30,29,29,29,34,72,26,24,13,33,32,46,41,62,50,65,54,80,54,"Napoli","Serie A",-10,-8,-8,-8,-23,-67,-12,-7,76,10,-9,-36,0,31,-31,-37,0,0,0
"129","Pau López","Espanyol","La Liga",71,67.5,68,68,72,48.5,72,72,50.5,67,71,78,69.5,55,69.5,75,70,80,64,"Betis","La Liga",-1,2.5,2,2,7,1.5,-2,-8,-19.5,8,-4,4,12.5,13,-5.5,-10,16,0,10
"130","Pau López","Betis","La Liga",70,70,70,70,79,50,70,64,31,75,67,82,82,68,64,65,86,80,74,"Roma","Serie A",-17,-17.5,-18,-17.5,-19.5,0.5,-16,-11,21,2.5,-17,-37,-36.5,-37.5,9,16.5,-16,0,-19
"131","Pau López","Roma","Serie A",53,52.5,52,52.5,59.5,50.5,54,53,52,77.5,50,45,45.5,30.5,73,81.5,70,80,55,"Marseille","Ligue 1",8,9,9,9,-9.5,-32.5,-3.5,0.5,10,12,0,3,36.5,44.5,-3.5,0,-16,0,-1
"132","Paul Bernardoni","Nîmes","Ligue 1",74,74,73,73.5,76.5,61.5,74,72.5,42.5,66,58,83.5,69.5,52.5,69.5,78,70,80,60.5,"Angers","Ligue 1",-14,-14,-13,-13.5,-4.5,7.5,-17,-24.8333333333333,-26.5,-24.6666666666667,1,-9.83333333333333,-19.1666666666667,-8.16666666666666,10.1666666666667,8.33333333333333,-5.33333333333333,5.66666666666667,-5.5
"133","Paul Bernardoni","Angers","Ligue 1",60,60,60,60,72,69,57,47.6666666666667,16,41.3333333333333,59,73.6666666666667,50.3333333333333,44.3333333333333,79.6666666666667,86.3333333333333,64.6666666666667,85.6666666666667,55,"Saint-Étienne","Ligue 1",-22,-22,-22,-22,-14,15,-13,-6.66666666666666,6,-3.33333333333334,-8,-16.6666666666667,-16.3333333333333,-19.3333333333333,-4.66666666666667,-1.33333333333333,-10.6666666666667,-5.66666666666667,-1
"134","Paul Delecroix","Lorient","Ligue 1",16,17,16,16,25,96,20,17,7,21,23,22,10,10,35,48,54,80,54,"Metz","Ligue 1",-11,-15,-14,-14,-19,1,-18,-16,-5,-14,-15,-12,0,0,-16,-20,0,0,0
"135","Paulo Gazzaniga","Tottenham","Premier League",36,35,35,35,38,53,38,39,60,38,51,46,27,16,64,65,86,80,74,"Elche","La Liga",-18,-16,-17,-17,-24,-29,-26,-27,-44,-11,-34,-18,0,38,-45,-37,-32,0,-20
"136","Paulo Gazzaniga","Elche","La Liga",18,19,18,18,14,24,12,12,16,27,17,28,27,54,19,28,54,80,54,"Girona","La Liga",35,34,35,35,41,14,47,49,55,43,58,22,14,-32,64,50,32,17,13
"137","Pepe Reina","Napoli","Serie A",92,92,92,92,52,11,54,56.5,60,99.5,63,25,95,85,49.5,56.5,70,80,64,"Milan","Serie A",-84.5,-86,-86.5,-86.5,-47,19.5,-49.5,-51.5,17,-83.5,-55,-19,-80.5,-31.5,-30.5,-41,0,0,13
"138","Pepe Reina","Milan","Serie A",7.5,6,5.5,5.5,5,30.5,4.5,5,77,16,8,6,14.5,53.5,19,15.5,70,80,77,"Aston Villa","Premier League",17.5,19,19.5,19.5,23,41.5,19.5,19,-54,11,24,34,12.5,-25.5,31,32.5,16,0,6
"139","Pepe Reina","Aston Villa","Premier League",25,25,25,25,28,72,24,24,23,27,32,40,27,28,50,48,86,80,83,"Lazio","Serie A",18.5,18.5,18.5,18.5,27.5,-6,18,14.5,7,40,4.5,2,24.5,16.5,34,40,-32,8.5,-29
"140","Pepe Reina","Lazio","Serie A",43.5,43.5,43.5,43.5,55.5,66,42,38.5,30,67,36.5,42,51.5,44.5,84,88,54,88.5,54,"Villarreal","La Liga",-0.5,-0.5,-0.5,-0.5,-15.5,-35,-1,4.5,41,11,-4.5,-2,-1.5,-0.5,-20,-10,0,-8.5,0
"141","Predrag Rajković","Reims","Ligue 1",81.6666666666667,81.6666666666667,79.6666666666667,79.6666666666667,60,23.6666666666667,72.3333333333333,75,78.6666666666667,64.3333333333333,96.6666666666667,66.6666666666667,86.3333333333333,71.6666666666667,84.3333333333333,63.6666666666667,94,91.3333333333333,80.6666666666667,"Mallorca","La Liga",3.33333333333333,3.33333333333333,5.33333333333333,6.33333333333333,5,-1.66666666666667,-3.33333333333333,-5,-3.66666666666667,13.6666666666667,-21.6666666666667,18.3333333333333,4.66666666666667,6.33333333333333,4.66666666666667,27.3333333333333,-8,-11.3333333333333,-21.6666666666667
"142","Rafał Gikiewicz","Union Berlin","Bundesliga",70,70,70,70,89,70,87,83,35,75,51,89,70,50,64,65,86,80,74,"Augsburg","Bundesliga",-4.66666666666667,-4.66666666666667,-4.66666666666667,-4.66666666666667,-6.66666666666667,1.66666666666667,-4,-1,15,-15,4.33333333333334,-3.66666666666667,-7,-5,14.3333333333333,3,-7.33333333333333,12,-4
"143","René Adler","Hamburger SV","Bundesliga",38,38,38,38,60,87,41,35,8,38,41,63,50,57,83,65,86,99,74,"Mainz 05","Bundesliga",-10,-9,-9,-9,-35,-49,-17,-9,27,0,-9,-23,-9,5,-48,-37,-32,-2,-20
"144","Roberto","Málaga","La Liga",76,76,76,76,85,58,81,77,39,38,51,100,57,30,75,78,86,80,67,"Alavés","La Liga",-56,-57,-57,-57,-58,33,-56,-51,11,-17,-34,-66,-30,24,-25,-13,-32,0,-13
"145","Roberto","Alavés","La Liga",20,19,19,19,27,91,25,26,50,21,17,34,27,54,50,65,54,80,54,"West Ham","Premier League",-2,-2,-3,-3,-3,1,-1,0,-11,-14,0,6,-17,-44,-31,-37,0,0,0
"146","Roberto","West Ham","Premier League",18,17,16,16,24,92,24,26,39,7,17,40,10,10,19,28,54,80,54,"Valladolid","La Liga",9,10,11,11,0,-52,-2,-5,-7,9,50,-6,9,2,31,20,0,17,0
"147","Robin Olsen","Roma","Serie A",53,53,53,53,69,64,63,63,46,75,75,46,41,22,83,78,54,99,54,"Cagliari","Serie A",-19,-18,-20,-20,-35,-14,-21,-15,41,-23,-24,-18,0,25,-19,0,0,-19,0
"148","Robin Olsen","Cagliari","Serie A",34,35,33,33,34,50,42,48,87,52,51,28,41,47,64,78,54,80,54,"Everton","Premier League",-18,-18,-17,-17,-20,-12,-26,-31,-18,-31,-19,-12,-14,15,-45,-50,0,0,0
"149","Robin Olsen","Everton","Premier League",16,17,16,16,14,38,16,17,69,21,32,16,27,62,19,28,54,80,54,"Aston Villa","Premier League",-6,-11,-8,-8,-1,58,-6,-8,-54,-5,-24,-6,-8,35,0,0,0,0,0
"150","Rubén","Levante","La Liga",30,30,30,30,40,79,30,29,10,21,51,50,34,37,64,48,86,97,83,"La Coruña","La Liga",24,23,23,23,53,11,40,27,-4,6,32,35,7,-15,-14,0,0,-17,0
"151","Rubén","La Coruña","La Liga",54,53,53,53,93,90,70,56,6,27,83,85,41,22,50,48,86,80,83,"Osasuna","La Liga",-16,-17,-18,-18,-59,-46,-45,-34,5,11,0,-57,0,21,0,17,-32,0,-29
"152","Rui Patrício","Wolves","Premier League",94.6666666666667,94.6666666666667,93,94.6666666666667,75.6666666666667,32,72.6666666666667,72.6666666666667,45.3333333333333,81,88,74.6666666666667,79.3333333333333,57.3333333333333,69,63,78.6666666666667,85.6666666666667,69.3333333333333,"Roma","Serie A",-4.66666666666667,-4.66666666666667,-3,-4.66666666666667,-12.1666666666667,-12,-7.16666666666667,-5.66666666666667,13.1666666666667,9,-9,-9.66666666666667,15.6666666666667,28.6666666666667,-2.5,3.5,7.33333333333333,-5.66666666666667,3.16666666666667
"153","Rui Silva","Granada","La Liga",72.5,73,72.5,73,79.5,52,73.5,68,42,79.5,67,77.5,80.5,66.5,86.5,81.5,93,88.5,77,"Betis","La Liga",-26,-27.5,-26.5,-27,-39.5,-31,-30.5,-22,25,-7,-26,-26,-7.5,16.5,-51.5,-33.5,-39,-8.5,-23
"154","Rémy Riou","Nantes","Ligue 1",43,43,43,43,54,62,41,38,36,43,59,63,50,44,83,91,54,80,54,"Lyon","Ligue 1",-27,-28,-28,-28,-41,-33,-28,-24,61,-22,-18,-61,-31,-16,-19,-13,0,0,0
"155","Salvatore Sirigu","Osasuna","La Liga",36,36,36,36,85,98,46,35,1,27,32,73,19,10,64,48,86,97,83,"Sevilla","La Liga",-31,-30,-33,-31,-81,-37,-43,-31,56,-20,-15,-63,-9,0,-45,-20,-32,-17,-29
"156","Salvatore Sirigu","Sevilla","La Liga",5,6,3,5,4,61,3,4,57,7,17,10,10,10,19,28,54,80,54,"Torino","Serie A",76.75,76,77.75,76.25,76.75,-10.25,78.25,74.25,-0.25,59.75,71.5,61.75,65.75,45.75,68.75,54.5,29.75,4.25,18
"157","Salvatore Sirigu","Torino","Serie A",81.75,82,80.75,81.25,80.75,50.75,81.25,78.25,56.75,66.75,88.5,71.75,75.75,55.75,87.75,82.5,83.75,84.25,72,"Genoa","Serie A",10.25,10,11.25,10.75,13.25,16.25,13.75,15.75,-12.75,-33.75,11.5,20.25,6.25,3.25,-12.75,-4.5,2.25,-4.25,-5
"158","Sam Johnstone","West Brom","Premier League",92,92,92,92,100,87,100,100,57,33,93,99,57,26,99,96,86,100,57,"Crystal Palace","Premier League",-72,-71,-71,-71,-85,-65,-82,-81,27,0,-61,-83,-23,52,-64,-48,-32,-20,-3
"159","Sergio Asenjo","Villarreal","La Liga",48.5714285714286,49,48.4285714285714,48.7142857142857,42.5714285714286,33,47.1428571428571,50,71.1428571428571,56.7142857142857,56.4285714285714,45.1428571428571,60.5714285714286,64.5714285714286,57,54,78.7142857142857,84.8571428571429,71.4285714285714,"Valladolid","La Liga",-26.5714285714286,-26,-26.4285714285714,-26.7142857142857,-12.5714285714286,56,-23.1428571428571,-28,-61.1428571428571,-35.7142857142857,-33.4285714285714,-5.14285714285715,-41.5714285714286,-50.5714285714286,-38,-26,-24.7142857142857,-4.85714285714286,-17.4285714285714
"160","Sergio Rico","Sevilla","La Liga",67.3333333333333,66.6666666666667,67,67.3333333333333,68.6666666666667,46.3333333333333,69,70.3333333333333,47,79.6666666666667,60.6666666666667,60.6666666666667,83,77.3333333333333,58,52.6666666666667,75.3333333333333,91.3333333333333,67.3333333333333,"Fulham","Premier League",-10.3333333333333,-9.66666666666667,-10,-10.3333333333333,22.3333333333333,36.6666666666667,20,16.6666666666667,-10,-36.6666666666667,-28.6666666666667,37.3333333333333,-33,-48.3333333333333,6,25.3333333333333,-21.3333333333333,-11.3333333333333,-13.3333333333333
"161","Sergio Rico","Fulham","Premier League",57,57,57,57,91,83,89,87,37,43,32,98,50,29,64,78,54,80,54,"Mallorca","La Liga",-29,-28,-28,-28,-47,6,-62,-66,-34,-10,-24,-35,-31,-17,0,-13,32,0,20
"162","Sergio Romero","Manchester Utd","Premier League",5,6,5,5,0,0,5,9,100,16,17,2,27,100,19,3,86,80,100,"Venezia","Serie A",27,26,27,27,52,89,46,45,-25,11,24,55,7,-67,64,88,-32,0,-46
"163","Steve Mandanda","Marseille","Ligue 1",67.25,67.25,65.25,65.25,59.5,29.5,54.75,54.5,51.25,85.75,76.25,46.5,79.5,69.25,69.5,74.75,70,84.25,60.25,"Rennes","Ligue 1",8.75,8.75,5.75,5.75,-11.5,-19.5,-0.75,3.5,19.75,7.25,-25.25,16.5,11.5,11.75,-19.5,-26.75,16,-4.25,22.75
"164","Thibaut Courtois","Chelsea","Premier League",82.5,82.5,82.5,83,48,8.5,49.5,52.5,58.5,97,45.5,42.5,97.5,92.5,35,48,54,80,54,"Real Madrid","La Liga",-8.25,-8.25,-8.25,-8.5,-1.75,7.25,6,8.25,23,-4,10.25,-4.25,-10.25,-10.25,40,30.25,24,4.25,9.25
"165","Tom Heaton","Burnley","Premier League",59,59,59,59,60.5,47.5,68,70,62,61,54,69,61.5,50.5,47,53,70,80,60.5,"Aston Villa","Premier League",-20,-20,-21,-21,-5.5,29.5,-19,-21,-23,-18,-22,-2,-20.5,-13.5,3,12,-16,0,-6.5
"166","Tomáš Koubek","Rennes","Ligue 1",73,71,71,71,69,36.5,68.5,68.5,50,75.5,84,65,79,63,69.5,56.5,91,88.5,84.5,"Augsburg","Bundesliga",-27,-25,-25,-25,16,53.5,-7.5,-16.5,-44,-32.5,-25,8,-38,-35,-50.5,-53.5,-5,-8.5,15.5
"167","Vicente Guaita","Getafe","La Liga",85,85,85,85,68,41,74.5,78,58.5,68.5,83,82.5,80.5,61,74.5,63,91,97,81,"Crystal Palace","Premier League",-24.25,-24.25,-24.75,-24.75,-9.25,-1,-13.25,-15.5,-1.5,-8.25,-10,-16.5,-11.5,0.75,-32.5,-11.5,-29,-17,-22
"168","Vid Belec","Benevento","Serie A",27,27,25,25,40,92,34,35,33,21,8,67,19,12,50,65,54,80,54,"Sampdoria","Serie A",-22,-21,-20,-20,-31,4,-27,-26,36,-14,0,-51,-9,-2,-31,-37,0,0,0
"169","Vid Belec","Sampdoria","Serie A",5,6,5,5,9,96,7,9,69,7,8,16,10,10,19,28,54,80,54,"Salernitana","Serie A",39,35,36,36,73,-3,64,56,-46,20,15,73,9,0,56,37,32,17,20
"170","Vito Mannone","Sunderland","Premier League",20,21,21,21,27,90,28,29,55,16,23,40,27,43,35,48,54,80,54,"Monaco","Ligue 1",0,0,0,0,-6,-26,-10,-13,-39,22,-6,-18,0,0,0,0,0,0,0
"171","Vito Mannone","Monaco","Ligue 1",20,21,21,21,21,64,18,16,16,38,17,22,27,43,35,48,54,80,54,"Lorient","Ligue 1",16,14,14,14,13,-21,21,27,49,-5,42,24,23,22,-16,-20,0,0,0
"172","Wladimiro Falcone","Sampdoria","Serie A",13.5,13.5,13,13,15,75.5,15.5,18.5,62,14,17,25,18.5,26.5,19,28,54,80,54,"Lecce","Serie A",78.5,78.5,79,79,57,-49.5,64.5,66.5,14,38,79,67,38.5,-0.5,64,57,32,0,8
"173","Wojciech Szczęsny","Roma","Serie A",100,100,100,100,60,16,83,91,84,100,32,46,95,84,64,48,96,80,95,"Juventus","Serie A",-41.4,-41.2,-42.2,-42.2,-17.6,-2.4,-34.4,-38.6,-6.40000000000001,-9.2,24.4,-10,-13.8,-8,8.8,18.8,-11.8,6.8,-18.4
"174","Yann Sommer","M'Gladbach","Bundesliga",63,63.1428571428571,62.4285714285714,62.4285714285714,69.1428571428571,51.5714285714286,74.2857142857143,75.7142857142857,62.8571428571429,73.4285714285714,67.8571428571429,60.2857142857143,62.2857142857143,50.1428571428571,59.5714285714286,64.7142857142857,64.5714285714286,82.4285714285714,64.4285714285714,"Bayern Munich","Bundesliga",-25,-25.1428571428571,-24.4285714285714,-24.4285714285714,-33.1428571428571,-10.5714285714286,-48.2857142857143,-53.7142857142857,-31.8571428571429,-3.42857142857143,-26.8571428571429,-32.2857142857143,-12.2857142857143,6.85714285714285,29.4285714285714,31.2857142857143,-10.5714285714286,-2.42857142857143,-10.4285714285714
"175","Yassine Bounou","Girona","La Liga",62,62.5,60.5,60.5,74.5,54,81.5,83.5,67,65,73.5,74.5,73,60.5,79,84.5,54,88.5,54,"Sevilla","La Liga",-13.5,-14.25,-13,-13,-37.75,-32,-40.75,-40.25,5.5,-0.75,-17.5,-37.25,-5,17,-25,-34,26.5,-4.25,21.75
"176","Yoel","Rayo Vallecano","La Liga",20,21,21,21,34,97,24,20,4,16,23,40,10,10,35,48,54,80,54,"Eibar","La Liga",9,6,5,5,-4.5,-39,4.5,11,42.5,20.5,10.5,-10,31,53,-0.5,-22.5,32,0,37.5
"177","Yoel","Eibar","La Liga",29,27,26,26,29.5,58,28.5,31,46.5,36.5,33.5,30,41,63,34.5,25.5,86,80,91.5,"Valladolid","La Liga",-21,-18,-18,-18,-19.5,29,-22.5,-26,-39.5,-29.5,-10.5,-20,-31,-53,-15.5,2.5,-32,0,-37.5
"178","Yvon Mvogo","RB Leipzig","Bundesliga",5,2,2,2,2,42,1,1,79,7,8,10,19,100,19,28,54,80,54,"Lorient","Ligue 1",34,37,36,36,40,11,42,45,-30,57,33,30,15,-78,0,0,0,0,0
"179","Álvaro Fernández","Huesca","La Liga",43,43,43,43,50,53,45,46,37,38,51,73,50,44,35,48,54,80,54,"Brentford","Premier League",-18,-18,-18,-18,-16,34,-12,-13,-8,-11,-28,-27,-31,-31,-16,-20,0,0,0
"180","Łukasz Fabiański","Swansea City","Premier League",96,96,96,96,95,68,95,90,38.5,61,67,99,73,44.5,88,78,92.5,88.5,77,"West Ham","Premier League",-15,-15,-17.6,-17.4,-18.8,-21.6,-16.4,-10.8,15.5,15.4,1.59999999999999,-21.2,-6,-1.5,-15.8,-17.2,-3.90000000000001,1.7,1.8
"181","Łukasz Skorupski","Empoli","Serie A",80,80,80,80,91,67,98,99,75,52,75,96,82,62,96,85,99,97,84,"Bologna","Serie A",3.2,3.40000000000001,3.40000000000001,3.8,-4.8,-8,-9.2,-10.2,-15.8,18.8,7.2,-13.2,-21.2,-21.8,-8.40000000000001,4.59999999999999,-15.4,-13.6,-21.4
