"","Player_from","Squad_from","Comp_from","Mins_Per_90_from","GA_Goals_from","PKA_Goals_from","FK_Goals_from","CK_Goals_from","OG_Goals_from","PSxG_Expected_from","PSxG_per_SoT_Expected_from","PSxG._per__minus__Expected_from","X_per_90_Expected_from","Cmp_Launched_from","Att_Launched_from","Cmp_percent_Launched_from","Att_Passes_from","Thr_Passes_from","Launch_percent_Passes_from","AvgLen_Passes_from","Att_Goal_from","Launch_percent_Goal_from","AvgLen_Goal_from","Opp_Crosses_from","Stp_Crosses_from","Stp_percent_Crosses_from","X.OPA_Sweeper_from","X.OPA_per_90_Sweeper_from","AvgDist_Sweeper_from","Squad_2_change","Comp_2_change","Mins_Per_90_change","GA_Goals_change","PKA_Goals_change","FK_Goals_change","CK_Goals_change","OG_Goals_change","PSxG_Expected_change","PSxG_per_SoT_Expected_change","PSxG._per__minus__Expected_change","X_per_90_Expected_change","Cmp_Launched_change","Att_Launched_change","Cmp_percent_Launched_change","Att_Passes_change","Thr_Passes_change","Launch_percent_Passes_change","AvgLen_Passes_change","Att_Goal_change","Launch_percent_Goal_change","AvgLen_Goal_change","Opp_Crosses_change","Stp_Crosses_change","Stp_percent_Crosses_change","X.OPA_Sweeper_change","X.OPA_per_90_Sweeper_change","AvgDist_Sweeper_change"
"1","Aaron Ramsdale","Bournemouth","Premier League",94,97,89,100,74,54,98,72,38,52,81,90,16,79,94,71,74,90,66,75,96,78,39,70,34,20,"Sheffield Utd","Premier League",6,1,-16,-36,22,44,-2,-33,-30,-18,12,7,7,2,-22,21,18,-2,27,22,-1,17,33,12,13,13
"2","Aaron Ramsdale","Sheffield Utd","Premier League",100,98,73,64,96,98,96,39,8,34,93,97,23,81,72,92,92,88,93,97,95,95,72,82,47,33,"Arsenal","Premier League",-9,-22.5,8,0,-20,-18,-21.5,9,38.5,21,-30,-19,-14.5,9.5,16,-49.5,-51.5,-30,-32,-25,-25.5,-10,4.5,11.5,29,43.5
"3","Adrian Šemper","Chievo","Serie A",33,31,28,64,42,54,32,39,62,63,39,38,52,32,32,70,77,34,91,80,41,56,87,27,22,6,"Genoa","Serie A",-21,-23,0,0,-17,0,-27,18,-4,-15,-27,-24,-40,-21,-26,5,-6,-27,-5,-8,-33,-27,11,-18,-13,11
"4","Adrián","West Ham","Premier League",53,58,47,88,88,80,57,65,56,58,73,77,34,49,42,96,95,62,91,90,59,61,48,78,84,73,"Liverpool","Premier League",-21.5,-24,-19,-12,-40.5,-26,-26.5,10.5,-30.5,-43.5,-45.5,-49.5,16.5,-17,-6,-61,-62,-32,-82,-84,-30,-32,-8,-34.5,1.5,1.5
"5","Aitor Fernández","Levante","La Liga",62.75,69.25,69,76,86,79.5,67.5,46,49.25,50.5,57,59.25,40.75,56.5,70.25,55.5,59,66.5,33,31.75,64.5,53.5,34.75,76.25,76,72.5,"Osasuna","La Liga",-8.75,-25.25,-41,-12,-61,0.5,-24.5,-15,1.75,5.5,23,14.75,34.25,3.5,-15.25,19.5,22,-7.5,35,43.25,-7.5,9.5,22.25,8.75,12,5.5
"6","Alban Lafont","Toulouse","Ligue 1",100,92,93,99,88,92,93,72,64,62,97,95,73,87,87,78,76,98,76,77,94,84,48,99,94,87,"Fiorentina","Serie A",-22,-18,-4,-11,-5,6,-29,-61,-51,-26,-23,-19,-31,-17,0,-25,-18,-15,-34,-35,-6,-18,-17,-24,-49,-34
"7","Alban Lafont","Fiorentina","Serie A",78,74,89,88,83,98,64,11,13,36,74,76,42,70,87,53,58,83,42,42,88,66,31,75,45,53,"Nantes","Ligue 1",10.25,8,-0.5,-9.75,-2.5,-13,20.25,26.75,48.5,28.5,6.5,9.5,-13,7.5,-7.25,10.25,7.75,-5,30.75,31.25,-8,14.75,29,11.25,19.5,1
"8","Alessio Cragno","Cagliari","Serie A",76.4,82.2,84,89.8,72,77.2,83.6,43,57,59.2,81.2,78.8,67.8,67.4,70.8,68.4,62.4,83.8,64.8,58.8,80.6,78,53.6,63,32.8,35,"Monza","Serie A",-64.4,-64.2,-56,-25.8,-47,-23.2,-72.6,48,-19,-58.2,-76.2,-76.8,27.2,-59.4,-61.8,-65.4,-60.4,-78.8,-58.8,-40.8,-78.6,-66,-41.6,-41,60.2,64
"9","Alex Meret","SPAL","Serie A",44,42,73,64,53,92,47,39,95,94,54,53,50,42,34,81,79,51,78,67,48,34,15,9,9,13,"Napoli","Serie A",9.6,4.6,-15.4,4.8,-7.8,-27.6,-1.2,-2.2,-43.4,-38.4,-20.4,-19.8,-0.200000000000003,8.4,18.8,-74.6,-71.6,-4,-65.2,-55.8,0.200000000000003,6.8,14,43.8,29.8,40.4
"10","Alexander Nübel","Schalke 04","Bundesliga",37.6666666666667,45,61.3333333333333,72,44.3333333333333,66.6666666666667,43.6666666666667,47.6666666666667,55.6666666666667,69.6666666666667,45.6666666666667,45.3333333333333,50.6666666666667,41,38.6666666666667,57.3333333333333,59.6666666666667,43,67,65.3333333333333,37.6666666666667,50,50.3333333333333,43,56.3333333333333,63.3333333333333,"Bayern Munich","Bundesliga",-25.6666666666667,-32,-33.3333333333333,-8,-2.33333333333334,-12.6666666666667,-36.6666666666667,9.33333333333334,-11.6666666666667,-65.6666666666667,-42.6666666666667,-43.3333333333333,-21.6666666666667,-31,-34.6666666666667,-55.3333333333333,-56.6666666666667,-34,-65,-63.3333333333333,-31.6666666666667,-27,41.6666666666667,-34,-47.3333333333333,-59.3333333333333
"11","Alexander Nübel","Bayern Munich","Bundesliga",12,13,28,64,42,54,7,57,44,4,3,2,29,10,4,2,3,9,2,2,6,23,92,9,9,4,"Monaco","Ligue 1",85,70.5,65.5,12,36.5,44,76,-37,6,51,75.5,72.5,35,69,89,33,33,75.5,47,45,68.5,67,-13.5,76,47.5,53
"12","Alexander Schwolow","Freiburg","Bundesliga",69.6666666666667,83.3333333333333,84,72,92,69.3333333333333,79.3333333333333,46.6666666666667,27.6666666666667,42.3333333333333,86.6666666666667,87.3333333333333,56.3333333333333,83.3333333333333,72.3333333333333,55.3333333333333,63,90.6666666666667,78,88.3333333333333,82.6666666666667,71,43.3333333333333,64,35.6666666666667,49.3333333333333,"Hertha BSC","Bundesliga",-9.16666666666667,-2.83333333333333,7,16,-21.5,-15.3333333333333,-2.33333333333333,31.3333333333333,2.83333333333333,-3.83333333333334,-22.6666666666667,-25.8333333333333,8.66666666666666,-19.8333333333333,-0.833333333333329,-27.3333333333333,-30,-21.6666666666667,-30.5,-36.8333333333333,-14.1666666666667,-8.5,-4.33333333333334,6,19.3333333333333,10.6666666666667
"13","Alexander Schwolow","Hertha BSC","Bundesliga",60.5,80.5,91,88,70.5,54,77,78,30.5,38.5,64,61.5,65,63.5,71.5,28,33,69,47.5,51.5,68.5,62.5,39,70,55,60,"Schalke 04","Bundesliga",-3.5,14.5,-8,0,17.5,0,8,0,-29.5,-28.5,16,15.5,1,1.5,-18.5,40,37,-9,22.5,28.5,-9.5,-16.5,-17,-3,4,3
"14","Alexandre Oukidja","Strasbourg","Ligue 1",49,58,83,64,42,54,57,86,38,45,69,65,68,47,46,90,87,50,91,91,50,59,64,48,38,38,"Metz","Ligue 1",17.3333333333333,9.66666666666667,-1.33333333333333,8,28,21.3333333333333,7.66666666666667,-51.6666666666667,6.33333333333334,1.33333333333334,8.66666666666667,14,-22.6666666666667,15,30.6666666666667,-17,-8.33333333333333,22.3333333333333,-15,-11.3333333333333,26.6666666666667,37.6666666666667,25,38.3333333333333,40.6666666666667,24
"15","Alfred Gomis","SPAL","Serie A",56.5,67,70,76,88,73,67,60,53,54.5,67.5,69.5,43,58,65.5,68.5,67,63.5,52,52.5,62.5,53.5,31.5,52.5,32.5,36,"Dijon","Ligue 1",-15,-26.5,-10,4.5,-40.5,7,-25.5,-22,8.5,16.5,-15.5,-19.5,6.5,-13.5,-15,-14,-8,-15.5,6,6.5,-15,11.5,48.5,-9,23.5,-9.5
"16","Alfred Gomis","Dijon","Ligue 1",41.5,40.5,60,80.5,47.5,80,41.5,38,61.5,71,52,50,49.5,44.5,50.5,54.5,59,48,58,59,47.5,65,80,43.5,56,26.5,"Rennes","Ligue 1",17,11.5,18,-16.5,2,0,9.5,20.5,-19,-20.5,6,4.5,17.5,14.5,16,-27,-37.5,4.5,-6,-7.5,9,-6.5,-33,37,20.5,57.5
"17","Alisson","Roma","Serie A",94,56,73,64,53,54,69,17,97,86,87,73,96,95,99,27,33,80,28,37,79,71,42,100,96,93,"Liverpool","Premier League",-8.8,1.8,-23.4,4.8,4.6,18,-5.8,33.6,-19.6,-14.8,-29.8,-19.4,-25.6,-4,-7.40000000000001,-18.4,-23,-17.8,-11.2,-17.8,-15.6,2.2,21.2,-1.8,-2.59999999999999,-2.2
"18","Alphonse Areola","Paris S-G","Ligue 1",54,36,52.6666666666667,75,50,71.3333333333333,36,44.6666666666667,73.3333333333333,59,28.3333333333333,24.6666666666667,89.6666666666667,43,56,3.33333333333333,2.33333333333333,46.3333333333333,7.66666666666667,10.3333333333333,45.6666666666667,50.3333333333333,49,59.3333333333333,67,70.3333333333333,"Real Madrid","La Liga",-25,-11,9.33333333333334,-11,-8,-17.3333333333333,-14,-40.6666666666667,-29.3333333333333,-33,-6.33333333333333,-4.66666666666667,-10.6666666666667,-15,-23,4.66666666666667,6.66666666666667,-20.3333333333333,27.3333333333333,28.6666666666667,-18.6666666666667,-21.3333333333333,-9,-28.3333333333333,-8,-17.3333333333333
"19","Alphonse Areola","Real Madrid","La Liga",29,25,62,64,42,54,22,4,44,26,22,20,79,28,33,8,9,26,35,39,27,29,40,31,59,53,"Fulham","Premier League",60,61,31,0,11,26,69,53,47,50,47,50,-33,42,57,29,13,54,11,-5,59,59,24,47,-14,-17
"20","Alphonse Areola","Fulham","Premier League",89,86,93,64,53,80,91,57,91,76,69,70,46,70,90,37,22,80,46,34,86,88,64,78,45,36,"West Ham","Premier League",-70.5,-67,-48,0,-19.5,-26,-72.5,33.5,-26,3,-49.5,-49.5,-9,-55,-74.5,36,45.5,-58.5,3,5,-69.5,-62,3,-65.5,-34.5,-29.5
"21","Andreas Luthe","Augsburg","Bundesliga",35.6666666666667,36,34.3333333333333,72,34.3333333333333,71.3333333333333,36.3333333333333,78.3333333333333,64.6666666666667,56.6666666666667,36.3333333333333,37,39,37.6666666666667,37.6666666666667,47.6666666666667,49,36.3333333333333,29,30,36.3333333333333,43,60.6666666666667,34.3333333333333,38.3333333333333,31.6666666666667,"Union Berlin","Bundesliga",31.3333333333333,38.5,38.1666666666667,-8,48.6666666666667,17.6666666666667,32.1666666666667,-21.8333333333333,-40.6666666666667,-16.6666666666667,41.1666666666667,43,3.5,41.8333333333333,29.3333333333333,6.33333333333334,2.5,34.1666666666667,23,14.5,31.1666666666667,39.5,12.3333333333333,30.1666666666667,0.166666666666664,4.83333333333333
"22","Andriy Lunin","Leganés","La Liga",29,25,47,64,42,54,28,17,78,91,34,31,85,26,28,73,77,28,74,84,23,23,24,22,20,70,"Real Madrid","La Liga",-2,-3.5,-9.5,0,-8.5,13,-6.5,5.5,-20,-28.5,-17.5,-19,11,2,2.5,-72,-75,-2,-60.5,-63,1,5.5,30.5,5.5,26,-17
"23","Andrés Fernández","Villarreal","La Liga",27.3333333333333,29.6666666666667,55.6666666666667,64,49.3333333333333,62.6666666666667,29,44.3333333333333,58,47.3333333333333,27,26.6666666666667,48,25.3333333333333,24.6666666666667,43,36.6666666666667,30.3333333333333,47.6666666666667,44,30,26.6666666666667,32.3333333333333,29,62.3333333333333,53.3333333333333,"Huesca","La Liga",21.6666666666667,17.3333333333333,17.3333333333333,24,14.6666666666667,17.3333333333333,16,12.6666666666667,-27,-9.33333333333334,23,25.3333333333333,-14,26.6666666666667,26.3333333333333,7,10.3333333333333,18.6666666666667,-11.6666666666667,-8,22,10.3333333333333,-15.3333333333333,17,-27.3333333333333,-12.3333333333333
"24","Angus Gunn","Southampton","Premier League",42,48,45,76,47.5,54,43.5,57,12,14.5,42,49.5,7,36,30,94,90.5,41.5,88,87,41,39,32,48,64,68.5,"Norwich City","Premier League",-3,0,17,-12,5.5,0,2.5,15,11,4.5,-3,-9.5,29,2,12,-33,-41.5,0.5,-63,-66,3,-5,-15,4,18,16.5
"25","Antonio Mirante","Bologna","Serie A",77,83,62,88,74,98,79,57,39,52,98,93,92,88,76,71,71,96,71,64,99,71,28,85,65,51,"Roma","Serie A",-38,-50.3333333333333,-16.3333333333333,-16,-39.6666666666667,-44,-42,-6.66666666666666,28.6666666666667,19,-59,-57.6666666666667,-8,-49.6666666666667,-35.3333333333333,-35.3333333333333,-36,-59.3333333333333,-39.6666666666667,-34.6666666666667,-59.6666666666667,-46,-14.3333333333333,-38,1.33333333333333,13
"26","Asmir Begović","Bournemouth","Premier League",79.5,90.5,62,80.5,88,86,81.5,80,6,24,76.5,77.5,46,65,85.5,63,64.5,80.5,71.5,74,81.5,90.5,76.5,56.5,26,13.5,"Everton","Premier League",-61.5,-73.5,-24.5,-16.5,-43.5,-19,-68.5,-75.5,39.5,25.5,-58,-58,-25,-52.5,-74.5,8,9.5,-62.5,-10,-11,-62,-62,-13,-41,-5,-6.5
"27","Axel Werner","Atlético Madrid","La Liga",12,3,28,64,25,54,3,5,70,96,7,10,3,1,2,99,98,7,100,83,10,23,79,16,59,42,"Huesca","La Liga",21,39,19,0,0,26,34,73,-56,-89,31,30,12,28,24,-7,-9,31,-11,7,21,-11,-67,0,-49,-30
"28","Axel Werner","Huesca","La Liga",33,42,47,64,25,80,37,78,14,7,38,40,15,29,26,92,89,38,89,90,31,12,12,16,10,12,"Elche","La Liga",-14,-20,-19,0,28,-26,-22,0,19,-3,-29,-26,-12,-10,-7,-57,-38,-20,-82,-71,-15,11,33,0,12,37
"29","Baptiste Reynet","Dijon","Ligue 1",100,99,100,97,88,98,100,48,21,47,96,94,76,99,99,57,58,97,46,49,99,99,88,99,95,81,"Toulouse","Ligue 1",-37,-14.5,-22,-9,-19,-18,-23.5,0,5,-13.5,-13,-11.5,-22,-32,-34,13,10,-12.5,14.5,11,-24.5,-40.5,-59,-25.5,-34.5,-10
"30","Baptiste Reynet","Toulouse","Ligue 1",63,84.5,78,88,69,80,76.5,48,26,33.5,83,82.5,54,67,65,70,68,84.5,60.5,60,74.5,58.5,29,73.5,60.5,71,"Nîmes","Ligue 1",37,14.5,15,0,24,-26,22.5,17,-21,-3.5,9,12.5,-19,32,15,-13,-11,9.5,-0.5,-3,22.5,12.5,0,15.5,2.5,4
"31","Bartłomiej Drągowski","Empoli","Serie A",47,50,73,64,64,54,54,17,82,79,43,48,12,46,57,44,47,55,40,51,51,54,50,65,83,59,"Fiorentina","Serie A",-1.2,-0.799999999999997,-14.2,16.2,-6,5.2,-4,38.4,-24.4,-26.4,1.8,-2.2,33.8,-2,-8.4,12.2,11.2,-10.2,3.2,-7.4,-6.6,-12,-14,-16.4,-38.2,-16
"32","Bartłomiej Drągowski","Fiorentina","Serie A",45.8,49.2,58.8,80.2,58,59.2,50,55.4,57.6,52.6,44.8,45.8,45.8,44,48.6,56.2,58.2,44.8,43.2,43.6,44.4,42,36,48.6,44.8,43,"Spezia","Serie A",29.2,42.8,24.2,7.8,35,38.8,36,-24.4,-46.6,-18.6,27.2,35.2,-26.8,46,35.4,-8.2,-9.2,20.2,5.8,11.4,35.6,19,-7,31.4,7.2,8
"33","Ben Foster","West Brom","Premier League",94,92,47,97,93,92,85,72,5,28,98,99,52,75,50,95,96,99,97,98,96,97,79,73,37,33,"Watford","Premier League",-6.66666666666667,1.66666666666667,37.6666666666667,-10.3333333333333,-11.3333333333333,0,3.66666666666667,-0.333333333333329,39.6666666666667,18,-5.66666666666667,-3,-23,4.33333333333333,9.66666666666666,-1,-3.66666666666667,-12.6666666666667,-5.33333333333333,-4.33333333333333,-7.33333333333333,-9.33333333333333,-17.6666666666667,20,44.3333333333333,42.3333333333333
"34","Ben Hamer","Leicester City","Premier League",24,30,47,64,25,54,29,96,49,27,26,25,52,21,26,68,73,20,79,83,22,12,12,31,73,54,"Huddersfield","Premier League",9,17,26,33,17,26,17,-2,-14,-4,17,18,-7,12,-3,28,24,14,6,0,8,29,74,0,-43,-21
"35","Benjamin Lecomte","Montpellier","Ligue 1",82,62.6666666666667,74.6666666666667,80,70.6666666666667,66.6666666666667,70,59.3333333333333,90.3333333333333,80,82,79.6666666666667,69.3333333333333,75.6666666666667,80,69.6666666666667,70,75.6666666666667,53.6666666666667,53,74.3333333333333,83.3333333333333,76.3333333333333,67.3333333333333,39.3333333333333,29.3333333333333,"Monaco","Ligue 1",-16,4.83333333333334,8.33333333333333,-4,-11.6666666666667,13.3333333333333,-5,-2.33333333333334,-55.8333333333333,-34,-17.5,-16.6666666666667,-15.8333333333333,-5.66666666666667,-10.5,-34.6666666666667,-34.5,-11.6666666666667,-17.1666666666667,-17,-11.3333333333333,-18.8333333333333,-29.8333333333333,25.1666666666667,46.1666666666667,53.1666666666667
"36","Benjamin Lecomte","Monaco","Ligue 1",66,67.5,83,76,59,80,65,57,34.5,46,64.5,63,53.5,70,69.5,35,35.5,64,36.5,36,63,64.5,46.5,92.5,85.5,82.5,"Espanyol","La Liga",-25,-27.5,-55,-12,-6,0,-29,-18,-11.5,-23,-17.5,-20,29.5,-34,-37.5,50,51.5,-23,18.5,20,-23,-27.5,-18.5,-46.5,-21.5,-16.5
"37","Benoît Costil","Bordeaux","Ligue 1",81.8,83,84.6,87.4,85.6,74.8,79,48,32.6,41.6,85.8,83,68.6,76,68.6,58.2,59,86.2,61.8,59,81.4,68.6,41,77.2,51.8,57.2,"Auxerre","Ligue 1",-28.8,-8,-11.6,-23.4,-21.6,-20.8,-13,38,-27.6,-25.6,-19.8,-24,14.4,-23,-18.6,-0.200000000000003,2,-34.2,11.2,12,-26.4,-34.6,-28,-31.2,-25.8,-19.2
"38","Bernd Leno","Leverkusen","Bundesliga",77,74,89,97,64,54,68,57,11,34,83,85,42,92,75,53,51,80,48,53,65,92,91,82,60,55,"Arsenal","Premier League",-14.25,-11.25,-23,-27,-3.75,18,-4,-7.25,59,35,-37,-32.5,-26,-26,1,-29.5,-28.5,-16,-2,-7.75,0.25,-31.5,-40,-14,-8.75,-1.75
"39","Bernd Leno","Arsenal","Premier League",62.75,62.75,66,70,60.25,72,64,49.75,70,69,46,52.5,16,66,76,23.5,22.5,64,46,45.25,65.25,60.5,51,68,51.25,53.25,"Fulham","Premier League",26.25,26.25,30,18,35.75,20,34,-1.75,29,20,17,17.5,5,31,19,-3.5,-0.5,13,-23,-21.25,12.75,35.5,37,24,20.75,9.75
"40","Bingourou Kamara","Strasbourg","Ligue 1",44.5,51.5,54.5,64,65,67,46,65,16.5,19.5,54,52,61.5,44,47,64.5,62,46.5,83.5,84,44.5,49,47.5,35,20.5,22,"Montpellier","Ligue 1",-15.5,-15.5,-7.5,0,-12,-13,-12,0,13.5,-5.5,-28,-24,-40.5,-17,-19,-5.5,-8,-17.5,-48.5,-50,-18.5,-15,26.5,-13,-2.5,-5
"41","Boris Radunović","Hellas Verona","Serie A",24,31,62,88,42,54,28,57,31,9,21,21,43,17,20,60,64,16,94,97,14,12,12,16,14,31,"Cagliari","Serie A",0,-6,-15,0,-17,0,1,-18,48,86,8,9,-5,6,0,21,19,9,-12,-28,9,11,13,0,0,16
"42","Brice Samba","Caen","Ligue 1",63,57,70,82,54,73,64,75,93.5,95.5,66.5,63,89.5,54.5,58.5,84,82.5,61,80.5,80,59,65.5,84,45,51.5,39,"Lens","Ligue 1",31,-1,3,-18,34,7,0,-52,1.5,-13.5,11.5,13,-27.5,40.5,18.5,-41,-41.5,-4,-63.5,-63,8,30.5,9,44,12.5,28
"43","Christian Mathenia","Hamburger SV","Bundesliga",59,70,73,64,74,80,71,93,56,58,67,72,26,56,53,77,80,66,73,82,61,78,75,58,39,60,"Nürnberg","Bundesliga",-3,4,-11,24,14,12,-9,-62,-50,-39,10,8,14,8,5,-7,-7,5,-4,-7,17,-27,-56,-14,-20,-52
"44","Christian Puggioni","Benevento","Serie A",46,53,89,64,64,54,53,78,39,43,51,48,76,47,57,36,37,49,57,47,47,73,93,54,66,51,"Sampdoria","Serie A",-7,-15,-16,0,-22,0,-10,-30,54,53,-9,-8,-10,-7,-11,15,11,-9,-23,-9,-6,-19,-10,9,30,29
"45","Ciprian Tătărușanu","Nantes","Ligue 1",78,64.5,54.5,64,89.5,67,63.5,44,46.5,55,83,79,68.5,65.5,78,52.5,53,84.5,75,73.5,80,85.5,73,76,52.5,42,"Lyon","Ligue 1",-59,-51.5,-26.5,0,-64.5,-13,-51.5,-38,11.5,-1,-67,-71,31.5,-46.5,-52,-42.5,-43,-77.5,-62,-57.5,-76,-51.5,27,-39,46.5,25
"46","Ciprian Tătărușanu","Lyon","Ligue 1",19,13,28,64,25,54,12,6,58,54,16,8,100,19,26,10,10,7,13,16,4,34,100,37,99,67,"Milan","Serie A",12.3333333333333,20.6666666666667,29,11,31.3333333333333,17.3333333333333,19,36.3333333333333,-17.6666666666667,-24.6666666666667,14.6666666666667,19,-32.6666666666667,12.3333333333333,4.66666666666667,17.3333333333333,16.3333333333333,17.3333333333333,11,8.66666666666667,24.3333333333333,1.66666666666666,-48.3333333333333,-8.33333333333333,-74.3333333333333,-37.6666666666667
"47","Claudio Bravo","Manchester City","Premier League",23,19,28,64,25,54,16.5,75,47.5,47,17.5,14.5,74,25,26.5,11.5,9,18.5,40.5,33.5,21,26,55.5,21.5,39.5,41,"Betis","La Liga",25.3333333333333,23.6666666666667,31,0,11.3333333333333,21.3333333333333,27.8333333333333,-30.3333333333333,27.1666666666667,26.3333333333333,38.1666666666667,41.5,-31,23.6666666666667,18.8333333333333,64.1666666666667,65.6666666666667,27.8333333333333,22.5,31.1666666666667,30.3333333333333,19.6666666666667,-25.5,22.1666666666667,-8.83333333333333,-15
"48","Daniele Padelli","Inter","Serie A",24,22,47,64,53,54,21,89,54,41,7,12,2,22,25,12,21,23,4,5,27,29,42,22,33,26,"Udinese","Serie A",0,9,-19,0,-28,0,9,-3,-11,-23,14,12,10,4,3,30,-1,-2,34,32,0,-6,-24,0,0,13
"49","David Button","Brighton","Premier League",29,25,62,64,25,54,25,4,56,48,31,34,15,23,19,96,95,29,97,97,27,34,68,22,22,42,"West Brom","Premier League",-17,-12,-34,0,17,0,-21,0,-17,-46,-15,-16,-1,-15,-17,-9,-12,-16,3,-1,-12,-22,-56,-13,-13,-39
"50","David Ospina","Arsenal","Premier League",29,18,28,64,25,54,15,11,51,38,23,25,25,29,33,15,18,25,69,58,33,44,87,37,85,38,"Napoli","Serie A",25.5,26.75,29.25,12,26.5,6.5,30.75,24,3.5,17,18.25,14.75,36.25,28,19.5,-2,-4.75,19.25,-57.75,-48,16.25,19.5,-10.25,19,-39,18.5
"51","David Soria","Sevilla","La Liga",47,45,62,64,42,80,44,65,49,52,47,42,86,42,50,33,34,45,56,57,47,59,75,50,49,36,"Getafe","La Liga",42.6,25.6,20,4.8,27.2,10.8,29.6,-16.8,35,20,51.4,56,-24,33.4,-3.6,64.8,63.6,39.6,33.8,28.2,31.4,20.6,-16.4,42,25.2,34.8
"52","Dean Henderson","Sheffield Utd","Premier League",89,64,47,64,53,54,75,78,96,84,92,97,19,72,63,97,99,83,97,99,92,78,42,67,30,29,"Manchester Utd","Premier League",-45,-26,-19,0,21,0,-38,-61,-51,-36,-65,-62,-16,-33,-15,-72,-73,-39,-84,-87,-49,-27,24,-7,51,57
"53","Dean Henderson","Manchester Utd","Premier League",44,38,28,64,74,54,37,17,45,48,27,35,3,39,48,25,26,44,13,12,43,51,66,60,81,86,"Nott'ham Forest","Premier League",8,23,34,24,9,0,19,40,-31,-23,31,29,21,17,16,44,45,12,37,39,13,27,18,13,0,-17
"54","Diego López","Espanyol","La Liga",77.5,76.5,76.5,73,66.5,92,79,56.75,72.75,70.5,72.75,74.75,40.5,68.25,69.5,61.5,63.25,82,61.25,58,79.5,76.5,52.5,64.75,44,40.25,"Rayo Vallecano","La Liga",-65.5,-58.5,-48.5,-9,-13.5,-38,-72,-17.75,-43.75,-69.5,-67.75,-69.75,-33.5,-62.25,-58.5,-35.5,-40.25,-73,-50.25,-36,-73.5,-64.5,-40.5,-42.75,49,42.75
"55","Donovan Léon","Brest","Ligue 1",12,18,47,64,25,54,23,72,78,99,16,14,62,13,16,62,70,9,55,54,18,29,82,9,9,1,"Auxerre","Ligue 1",7,-5,0,0,0,0,-11,-69,-20,-45,11,14,-33,6,0,29,24,14,38,44,4,-17,-70,13,50,34
"56","Edouard Mendy","Reims","Ligue 1",100,77,96,88,64,92,84,39,94,80,92,92,58,80,75,74,80,91,75,76,100,91,50,73,36,39,"Rennes","Ligue 1",-64.5,-50.5,-45.5,-12,-14.5,-25,-58,18,-22.5,-27,-49.5,-56.5,34,-46,-43,-19,-34.5,-60,-45,-48.5,-67,-37.5,3.5,-36,-7,-14
"57","Edouard Mendy","Rennes","Ligue 1",35.5,26.5,50.5,76,49.5,67,26,57,71.5,53,42.5,35.5,92,34,32,55,45.5,31,30,27.5,33,53.5,53.5,37,29,25,"Chelsea","Premier League",28.1666666666667,24.5,10.5,-4,13.8333333333333,4.33333333333333,22.6666666666667,-16,-41.8333333333333,-12,0.5,6.83333333333334,-41.3333333333333,29.3333333333333,33,-44,-38.5,21.6666666666667,-12.6666666666667,-17.1666666666667,22,17.5,24.5,33.3333333333333,33.6666666666667,32
"58","Eiji Kawashima","Metz","Ligue 1",66,97,28,88,97,80,97,89,26,45,87,88,49,64,77,83,85,76,92,92,71,46,17,81,67,68,"Strasbourg","Ligue 1",-38.3333333333333,-74.6666666666667,15,-16,-59,-26,-76,-61.3333333333333,35.3333333333333,26,-49.3333333333333,-56.6666666666667,43.3333333333333,-40.3333333333333,-50.3333333333333,-33,-32.3333333333333,-46.6666666666667,-24.6666666666667,-29.3333333333333,-44.6666666666667,-10,53,-59.6666666666667,-54.6666666666667,-48.6666666666667
"59","Emiliano Martínez","Getafe","La Liga",31,30,47,64,53,54,29,65,49,39,41,40,52,28,21,98,99,33,97,98,31,37,72,27,27,9,"Arsenal","Premier League",6,3,0,0,11,0,9,-26,39,53,-9,-4,-40,12,22,-70,-70,3,-61,-63,8,11,2,4,-8,30
"60","Emiliano Martínez","Arsenal","Premier League",37,33,47,64,64,54,38,39,88,92,32,36,12,40,43,28,29,36,36,35,39,48,74,31,19,39,"Aston Villa","Premier League",53.6666666666667,46.6666666666667,38,30,17.6666666666667,36.6666666666667,41.6666666666667,-7.66666666666667,-23,-29,50,46.3333333333333,37,49.3333333333333,41,23.3333333333333,19,43,3.33333333333334,2,47.6666666666667,50,15,56.3333333333333,44.3333333333333,27.6666666666667
"61","Emiliano Viviano","Sampdoria","Serie A",64,79,62,88,83,92,77,57,56,58,79,76,67,62,54,67,72,73,58,65,74,61,33,60,35,38,"SPAL","Serie A",-14,-27,21,-24,-30,-38,-25,-34,-13,-10,-17,-19,11,-12,-13,-4,-6,-16,-14,-20,-23,-20,-12,-19,-12,-11
"62","Etrit Berisha","Atalanta","Serie A",61.5,59,47,92.5,68,76,55,65,31.5,41.5,67,61,83,53.5,73,33.5,36,63,80,73.5,58.5,60.5,50,65,52.5,54,"SPAL","Serie A",0.5,21,46,-4.5,-15,16,30,-17,58.5,38.5,8,9,-11,9.5,5,19.5,9,12,-32,-26.5,13.5,-1.5,-19,-2,-9.5,0
"63","Etrit Berisha","SPAL","Serie A",62,80,93,88,53,92,85,48,90,80,75,70,72,63,78,53,45,75,48,47,72,59,31,63,43,54,"Torino","Serie A",-21,-49,-31,-24,-28,-38,-49,-42,-5,7,-33,-23,-61,-23,-40,22,30,-35,39,42,-31,-13,26,-19,16,4
"64","Fabian Bredlow","Nürnberg","Bundesliga",44,56,28,64,42,54,50,93,8,11,44,47,24,47,42,48,37,48,34,43,43,23,13,44,42,32,"Stuttgart","Bundesliga",-14.3333333333333,-27,20.3333333333333,0,9,8.66666666666666,-19,-35,47.3333333333333,50,-22.3333333333333,-26.6666666666667,29.6666666666667,-16.3333333333333,-9,-29.6666666666667,-24.3333333333333,-20.3333333333333,-27.6666666666667,-35,-11.3333333333333,14,35,-12.6666666666667,0.333333333333336,20.6666666666667
"65","Fabricio","Fulham","Premier League",19,25,28,88,25,54,23,11,47,17,24,19,99,17,25,55,54,16,58,47,17,29,84,27,81,43,"Mallorca","La Liga",-7,-7,19,-24,17,0,-9,6,0,-11,-12,-9,-24,-10,-12,3,14,-6,-27,-12,-15,-17,-72,-18,-72,-38
"66","Federico Marchetti","Genoa","Serie A",27.5,35.5,28,64,42,67,31.5,97,29,11.5,25,23,68.5,26,24,30.5,28,29,34.5,34.5,26.5,17.5,16.5,35,82.5,77,"Spezia","Serie A",-26.5,-22.5,0,0,-17,-13,-22.5,1,22,-5.5,-20,-21,26.5,-25,-20,-28.5,-25,-20,-11.5,-18.5,-23.5,-5.5,-4.5,-19,-7.5,20
"67","Fernando Pacheco","Alavés","La Liga",82.8,86.2,89.8,84.6,73.6,69.2,86.6,59,41.4,49.2,95.8,91.8,82,66.8,58.4,88.2,85.4,91.8,78.6,73.4,88.4,70.4,35.8,73.8,45.4,52.6,"Almería","La Liga",-70.8,-73.2,-61.8,-20.6,-31.6,-15.2,-76.6,23,11.6,-35.2,-88.8,-83.8,-75,-57.8,-42.4,-29.2,-6.40000000000001,-89.8,-67.6,-49.4,-78.4,-47.4,43.2,-51.8,47.6,4.4
"68","Fernando Pacheco","Almería","La Liga",12,13,28,64,42,54,10,82,53,14,7,8,7,9,16,59,79,2,11,24,10,23,79,22,93,57,"Espanyol","La Liga",37,51,55,0,22,0,45,-51,-46,1,57,48,82,41,30,0,-21,50,54,41,41,45,2,38,-25,-10
"69","Florian Müller","Mainz 05","Bundesliga",44.6666666666667,53.6666666666667,54.3333333333333,75.6666666666667,61,54,51,66,29.6666666666667,34,48.6666666666667,52,28.6666666666667,46,49.3333333333333,50,55.6666666666667,49,73.3333333333333,73,48,47.6666666666667,44,53,60.3333333333333,67,"Freiburg","Bundesliga",26.3333333333333,29.3333333333333,7.66666666666666,21.3333333333333,3,38,34,-9,48.3333333333333,32,27.3333333333333,34,-14.6666666666667,48,31.6666666666667,-11,-10.6666666666667,37,-2.33333333333333,8,23,-1.66666666666666,-27,31,6.66666666666666,19
"70","Florian Müller","Freiburg","Bundesliga",71,83,62,97,64,92,85,57,78,66,76,86,14,94,81,39,45,86,71,81,71,46,17,84,67,86,"Stuttgart","Bundesliga",-10,-5,3,-4.5,9.5,-25,-14,18,-69,-41.5,-21,-35,58.5,-28.5,-10.5,-21.5,-31.5,-22,-52.5,-61.5,-6.5,11.5,17.5,-4.5,7.5,-6
"71","Francesco Bardi","Frosinone","Serie A",24,25,28,88,25,54,21,82,39,14,22,24,24,20,26,73,57,17,71,69,20,34,93,9,9,3,"Bologna","Serie A",-5,-12,0,-24,0,0,-4,-10,33,79,-11,-11,-16,-7,-13,-19,-19,-2,-47,-53,-5,-5,-1,0,0,-1
"72","Fraser Forster","Southampton","Premier League",39,45,45,70,50.75,63.5,41.25,53,35.75,28.75,39.25,45.5,12.5,34.75,35,79.5,75.25,37.5,79.25,74.75,37,46.25,47.5,45.25,50.5,36.75,"Tottenham","Premier League",7,5,17,18,23.25,-9.5,7.75,36,-12.75,-0.75,-3.25,-6.5,-0.5,7.25,15,-52.5,-52.25,6.5,-40.25,-44.75,9,-5.25,-20.5,9.75,17.5,29.25
"73","Frederik Rønnow","Eint Frankfurt","Bundesliga",25.5,21.5,45,64,25,54,22.5,20.5,69,81,39,34.5,89.5,29,22,83,79.5,26,70.5,70.5,23.5,30,59,27.5,39,46,"Schalke 04","Bundesliga",15.5,28.5,38,0,58,38,26.5,27.5,-16,-29,0,3.5,-40.5,14,27,-63,-58.5,19,-37.5,-39.5,15.5,18,18,22.5,31,7
"74","Frederik Rønnow","Schalke 04","Bundesliga",41,50,83,64,83,92,49,48,53,52,39,38,49,43,49,20,21,45,33,31,39,48,77,50,70,53,"Union Berlin","Bundesliga",10.5,-10,-24.5,0,-29,-25,-5.5,-24.5,20.5,14.5,25.5,26,-0.5,23.5,0,44.5,37.5,-0.5,23.5,27,14.5,29.5,19.5,1,-31.5,-27
"75","Gerónimo Rulli","Real Sociedad","La Liga",63,74.5,72.5,92.5,90.5,86,66.5,58.5,14.5,33,71,70.5,50.5,86,65,31,33.5,63,53.5,54.5,65.5,78.5,70.5,80,69.5,61,"Montpellier","Ligue 1",-3,-19.5,0.5,-4.5,-37.5,-6,-8.5,-49.5,71.5,43,10,-4.5,45.5,-21,16,13,9.5,4,-4.5,-3.5,-1.5,-10.5,-17.5,-10,-10.5,2
"76","Gerónimo Rulli","Montpellier","Ligue 1",60,55,73,88,53,80,58,9,86,76,81,66,96,65,81,44,43,67,49,51,64,68,53,70,59,63,"Villarreal","La Liga",-13.3333333333333,-17.3333333333333,-30,-24,-13,-17.3333333333333,-20,35.6666666666667,-18.6666666666667,-23.6666666666667,-39.3333333333333,-26,-32,-8.33333333333334,-26.6666666666667,-30.6666666666667,-28.6666666666667,-22.3333333333333,-24.6666666666667,-19,-14.3333333333333,-7,8,-14.3333333333333,-1,-11.3333333333333
"77","Gianluigi Buffon","Paris S-G","Ligue 1",51,44,47,88,53,98,45,31,88,84,28,27,60,44,53,2,1,47,9,14,43,29,13,55,50,78,"Juventus","Serie A",-7.66666666666666,-10.6666666666667,13.6666666666667,-16,-18.6666666666667,-31.3333333333333,-11,-16.6666666666667,-24.6666666666667,-23.3333333333333,6.33333333333334,4.33333333333333,17,-1.66666666666666,-6.33333333333334,11.3333333333333,14.6666666666667,-5.33333333333334,2,-3,-1.33333333333334,1.33333333333333,5.66666666666667,-9,1.33333333333334,-25.6666666666667
"78","Gianluigi Donnarumma","Milan","Serie A",90.5,71.25,70,78.25,79.75,80,71.5,38.25,49.5,58.75,74.75,67.5,80,87,87.5,23.75,18.75,82,30,25,87,79,50.5,82,54.5,48,"Paris S-G","Ligue 1",-18,-15.25,-15.5,-2.25,-15.75,0,-10,5.25,37.5,18.75,-39.75,-34.5,-22,-29.5,-12.5,-20.25,-16.75,-26,-24.5,-22,-28.5,-4,33,-5.5,9.5,11
"79","Gregor Kobel","Augsburg","Bundesliga",48,77,47,88,83,80,67,93,7,14,48,51,30,49,50,49,42,48,45,52,49,54,56,55,61,58,"Hoffenheim","Bundesliga",-36,-69,0,-24,-58,-26,-57,-91,64,83,-26,-33,67,-36,-44,38,49,-45,55,44,-36,-31,3,-33,32,10
"80","Gregor Kobel","Hoffenheim","Bundesliga",12,8,47,64,25,54,10,2,71,97,22,18,97,13,6,87,91,3,100,96,13,23,59,22,93,68,"Stuttgart","Bundesliga",65,84,42,24,39,26,84,63,-20,-41,42,43,-35,75,92,-64,-78,85,-93,-91,65,48,-16,67,-22,4
"81","Gregor Kobel","Stuttgart","Bundesliga",77,92,89,88,64,80,94,65,51,56,64,61,62,88,98,23,13,88,7,5,78,71,43,89,71,72,"Dortmund","Bundesliga",-12,-24.5,-29,-7.5,19,6,-25,8.5,26,13,-11,-7.5,-20.5,-9,-24,-10.5,0.5,-25,15.5,19,-19,-2.5,18.5,0,9.5,7
"82","Guglielmo Vicario","Cagliari","Serie A",29,28,28,64,53,54,25,17,41,21,31,27,91,25,27,53,55,24,88,83,31,23,15,9,9,2,"Empoli","Serie A",55.5,56.5,58,12,35,36,61,35.5,36.5,44.5,36.5,47,-65.5,70,62,-22.5,-22.5,46,-55,-46.5,65.5,73,58,67,39,32
"83","Ionuț Radu","Genoa","Serie A",64,75,91,80.5,83.5,80,73,43.5,43.5,47,67,69,38.5,59.5,59,59.5,60.5,73.5,48.5,50,70,55.5,32.5,44.5,17,18,"Inter","Serie A",-51.5,-64.5,-63,-16.5,-58.5,-26,-67,6.5,7.5,-32.5,-62,-66,9.5,-49,-45.5,-36,-39.5,-67.5,-42,-44.5,-61,-43.5,-20.5,-23,59,42.5
"84","Ionuț Radu","Inter","Serie A",12.5,10.5,28,64,25,54,6,50,51,14.5,5,3,48,10.5,13.5,23.5,21,6,6.5,5.5,9,12,12,21.5,76,60.5,"Auxerre","Ligue 1",36.5,32.5,0,0,0,26,40,-19,36,68.5,54,61,-24,41.5,32.5,56.5,62,43,72.5,69.5,44,49,49,24.5,-41,-32.5
"85","Ionuț Radu","Auxerre","Ligue 1",49,43,28,64,25,80,46,31,87,83,59,64,24,52,46,80,83,49,79,75,53,61,61,46,35,28,"Cremonese","Serie A",-10,2,45,0,39,-26,2,34,-3,4,-22,-23,-15,-10,-10,-24,-19,-11,-40,-21,-17,-17,9,-5,24,29
"86","Ivan Provedel","Empoli","Serie A",49,68,73,64,74,80,59,39,8,17,48,46,59,48,62,43,49,49,33,35,54,59,52,39,22,26,"Spezia","Serie A",20,23,23,29.5,0,-4,29,13.5,12.5,21,35.5,40,-19,46,12,11.5,13.5,16,16.5,20.5,14.5,12,1.5,42,41,27
"87","Ivan Provedel","Spezia","Serie A",69,91,96,93.5,74,76,88,52.5,20.5,38,83.5,86,40,94,74,54.5,62.5,65,49.5,55.5,68.5,71,53.5,81,63,53,"Lazio","Serie A",20,-32,-49,-29.5,9,4,-26,-21.5,65.5,32,-10.5,-19,33,2,12,-30.5,-27.5,0,-31.5,-37.5,12.5,7,-3.5,14,16,27
"88","Ivo Grbić","Lille","Ligue 1",56,56,62,88,83,80,51,31,16,30,55,55,43,50,56,57,53,57,46,45,58,68,64,50,29,21,"Atlético Madrid","La Liga",-17,-20,11,-24,-9,-26,-14,-22,42,28,-16,-14,-26,-12,-13,-10,-8,-15,11,14,-11,14,32,-13,10,-13
"89","Jack Butland","Stoke City","Premier League",85,97,89,64,96,92,98,65,87,73,99,100,56,87,62,95,96,99,91,94,98,86,48,88,64,45,"Crystal Palace","Premier League",-60.5,-71,-61,12,-62.5,-19,-77,-21.5,-46.5,-55.5,-80,-76,-50.5,-67.5,-40.5,-33.5,-37,-75.5,-25,-32,-73,-46.5,32.5,-58.5,4,12.5
"90","Jasper Cillessen","Barcelona","La Liga",18,15,37.5,64,25,54,10.5,3,47.5,18,11,9,49.5,15.5,18,10.5,9.5,17.5,10.5,15,13,12,12,22,51,38,"Valencia","La Liga",31.3333333333333,36,38.8333333333333,19,22,21.3333333333333,41.1666666666667,29.6666666666667,22.1666666666667,49.6666666666667,43.6666666666667,46.3333333333333,-4.16666666666666,31.8333333333333,36.3333333333333,60.1666666666667,60.8333333333333,34.8333333333333,55.8333333333333,58,39.3333333333333,28.6666666666667,11.3333333333333,27.3333333333333,-6.33333333333334,33.3333333333333
"91","Jessy Moulin","Saint-Étienne","Ligue 1",34,33.75,55,78.75,45,70,32.75,39.25,61.75,76.5,30.25,32.5,19.75,33.25,40,44,51.25,33,50.25,54.25,33.75,39.5,53.25,21,12.25,17.75,"Troyes","Ligue 1",1,-2.75,7,9.25,-3,-16,-1.75,-8.25,-5.75,-20.5,3.75,3.5,6.25,0.75,-1,4,3.75,7,-17.25,-25.25,2.25,16.5,41.75,20,59.75,0.25
"92","Joe Hart","West Ham","Premier League",53,72,83,64,74,54,64,82,7,18,78,80,47,52,44,96,97,56,97,98,55,37,15,46,26,36,"Burnley","Premier League",0,3,-36,24,14,26,6,-10,8,9,7,3,18,-1,-1,1,0,5,-1,-1,3,7,4,6,12,4
"93","Joel Robles","Betis","La Liga",52.3333333333333,54.3333333333333,76.6666666666667,80,60,75.3333333333333,55.3333333333333,50.6666666666667,63,67.6666666666667,50.3333333333333,52.3333333333333,39.6666666666667,56.3333333333333,53.3333333333333,46,43.3333333333333,50,32.3333333333333,30.6666666666667,51.3333333333333,44.6666666666667,36,74,88.6666666666667,91.6666666666667,"Leeds United","Premier League",-23.3333333333333,-18.3333333333333,-14.6666666666667,-16,-35,-21.3333333333333,-18.3333333333333,31.3333333333333,-9,-22.6666666666667,-23.3333333333333,-21.3333333333333,-31.6666666666667,-30.3333333333333,-25.3333333333333,34,39.6666666666667,-22,41.6666666666667,35.3333333333333,-28.3333333333333,-15.6666666666667,21,-47,-49.6666666666667,-71.6666666666667
"94","Jonas Lössl","Huddersfield","Premier League",85,93.5,83,76,88,67,86,60,5.5,25,96.5,95,71.5,89,60.5,82.5,86,83,78,84,73,89,81.5,85.5,64,47.5,"Brentford","Premier League",-66,-68.5,-55,-12,-63,-13,-67,37,25.5,-21,-79.5,-78,-30.5,-72,-47.5,-20.5,-31,-68,-63,-69,-55,-66,-43.5,-51.5,33,50.5
"95","Jonas Omlin","Montpellier","Ligue 1",59.6666666666667,72.3333333333333,82,64,56.3333333333333,88,75,42.3333333333333,73,68,64.6666666666667,61.6666666666667,56.6666666666667,63.3333333333333,78,37.3333333333333,35.6666666666667,68,48.6666666666667,48.6666666666667,67.3333333333333,81.6666666666667,80,58.6666666666667,41,35.6666666666667,"M'Gladbach","Bundesliga",-12.6666666666667,-28.3333333333333,-20,0,-31.3333333333333,-34,-30,22.6666666666667,-11,-8,-21.6666666666667,-15.6666666666667,-33.6666666666667,-1.33333333333334,-27,-23.3333333333333,-20.6666666666667,-22,-28.6666666666667,-26.6666666666667,-18.3333333333333,-15.6666666666667,3,2.33333333333334,35,24.3333333333333
"96","Juan Musso","Udinese","Serie A",84.3333333333333,84,98.6666666666667,86,71.6666666666667,62.6666666666667,88.3333333333333,28,75.3333333333333,68,82.3333333333333,76,78,67.6666666666667,80.3333333333333,54,48,92.3333333333333,44.3333333333333,37,91.3333333333333,81.6666666666667,50,54.3333333333333,19.6666666666667,22.6666666666667,"Atalanta","Serie A",-18.3333333333333,-18,-31.1666666666667,-22,-13.1666666666667,32.3333333333333,-27.8333333333333,16.5,-48.3333333333333,-25.5,-17.3333333333333,-15,-12.5,-4.16666666666667,5.16666666666667,-24.5,-17.5,-29.8333333333333,15.1666666666667,27,-36.8333333333333,-4.66666666666667,31,23.6666666666667,45.3333333333333,51.3333333333333
"97","Juan Soriano","Sevilla","La Liga",29,13,47,64,25,54,20,23,81,94,29,34,8,29,34,77,79,28,77,74,27,23,18,41,95,96,"Leganés","La Liga",13,31,42,24,0,26,22,34,-42,-55,11,11,1,9,12,0,4,12,3,18,10,23,57,-10,-80,-39
"98","Julian Pollersbeck","Hamburger SV","Bundesliga",41,41,28,88,42,54,42,89,70,69,41,45,16,54,43,29,36,38,26,37,37,68,98,54,81,65,"Lyon","Ligue 1",-11,-13,55,-24,0,0,-11,-85,10,22,-19,-24,31,-23,-11,-18,-26,-9,-18,-29,-13,-45,-77,-17,-3,21
"99","Karlo Letica","SPAL","Serie A",41,58,28,97,42,80,46,57,3,4,42,43,38,38,45,64,64,45,51,51,43,41,33,27,12,11,"Sampdoria","Serie A",-29,-55,0,-33,-17,-26,-45,-43,61,83,-39,-40,-35,-28,-30,-60,-58,-42,-44,-32,-33,-29,-21,-11,47,4
"100","Kasper Schmeichel","Leicester City","Premier League",93.8,85.6,82.6,75.8,90.8,79.6,82,46,29.6,44.4,85.4,83,65,88.8,80,52.8,55.8,83.6,50.4,50.4,87,71.4,39.6,78.8,49,58.6,"Nice","Ligue 1",-8.8,-19.6,-9.59999999999999,21.2,-7.8,-25.6,-16,-29,26.4,15.6,-9.40000000000001,-15,17,-5.8,-14,-21.8,-20.8,2.40000000000001,-27.4,-28.4,-11,12.6,24.4,-11.8,-18,-20.6
"101","Kepa Arrizabalaga","Athletic Club","La Liga",69,79,47,99,83,98,82,72,90,78,97,92,93,79,65,84,84,68,81,88,69,84,74,65,37,41,"Chelsea","Premier League",-10,-26.2,-0.799999999999997,-23.6,-18.6,-27.6,-31.2,-7.8,-38.8,-18,-56.8,-51.6,-50.6,-15.6,-1.2,-74.4,-74.8,-15.8,-63.2,-72.2,-20.6,-30,-17.6,-1.8,23.8,28.4
"102","Kevin Trapp","Paris S-G","Ligue 1",29,22,62,64,25,54,25,5,74,88,9,5,95,23,29,3,2,21,2,4,30,37,77,34,70,72,"Eint Frankfurt","Bundesliga",42.8,61.6,2.40000000000001,19.2,52.4,30.8,55,61.2,-45.6,-46,67,73.8,-47.8,60.2,42.2,55.6,49.4,51,38.2,40,39.8,33,-24.2,49.4,-2.8,-3
"103","Keylor Navas","Real Madrid","La Liga",52.5,46,45,64,70.5,67,50,69.5,86.5,82,40.5,41.5,42.5,48.5,60.5,15,26,46.5,36.5,49.5,46.5,50,53.5,66.5,75,81.5,"Paris S-G","Ligue 1",6.16666666666666,-2,0.666666666666664,0,-26.8333333333333,-4.33333333333334,-2,-36.8333333333333,-8.5,-10.3333333333333,-3.83333333333334,-6.83333333333334,25.1666666666667,4.16666666666666,-0.833333333333336,-8.66666666666667,-18.3333333333333,7.5,-31.1666666666667,-43.8333333333333,4.5,-21,-36.8333333333333,-9.83333333333334,-37,-19.5
"104","Keylor Navas","Paris S-G","Ligue 1",58.6666666666667,44,45.6666666666667,64,43.6666666666667,62.6666666666667,48,32.6666666666667,78,71.6666666666667,36.6666666666667,34.6666666666667,67.6666666666667,52.6666666666667,59.6666666666667,6.33333333333333,7.66666666666667,54,5.33333333333333,5.66666666666667,51,29,16.6666666666667,56.6666666666667,38,62,"Nott'ham Forest","Premier League",-7.66666666666666,19,37.3333333333333,24,20.3333333333333,-8.66666666666666,11,49.3333333333333,-55,-39.6666666666667,21.3333333333333,27.3333333333333,-40.6666666666667,-4.66666666666666,-11.6666666666667,77.6666666666667,74.3333333333333,1,61.6666666666667,54.3333333333333,5,34,40.3333333333333,-15.6666666666667,-15,-55
"105","Kiko Casilla","Real Madrid","La Liga",41,36,28,64,42,80,36,94,70,69,34,32,66,36,43,14,27,39,32,38,37,37,39,34,22,40,"Leeds United","Premier League",-17,-23,0,0,-17,-26,-17,-12,7,25,-23,-22,-27,-14,-14,-12,-25,-12,-24,-33,-19,0,59,-18,-8,-26
"106","Kiko Casilla","Leeds United","Premier League",24,13,28,64,25,54,19,82,77,94,11,10,39,22,29,2,2,27,8,5,18,37,98,16,14,14,"Elche","La Liga",23,30,0,0,17,0,25,-17,-13,-32,38,40,-6,24,23,58,57,24,32,32,31,11,-55,38,48,51
"107","Leandro Chichizola","Las Palmas","La Liga",64,84,73,88,74,80,92,86,94,84,73,77,37,85,90,42,46,74,43,57,66,84,77,97,94,83,"Getafe","La Liga",-52,-76,-45,-24,-49,-26,-89,13,-43,-72,-57,-62,6,-78,-84,56,52,-72,57,43,-64,-72,-65,-88,-85,-15
"108","Lennart Grill","Leverkusen","Bundesliga",20.5,21.5,28,64,25,67,21.5,86,73.5,93.5,13.5,14,24.5,22,23.5,17.5,9,18,26.5,24.5,14,17.5,19.5,23,48,55,"Union Berlin","Bundesliga",10.5,14.5,34,0,17,-13,12.5,-29,-44.5,-79.5,27.5,24,56.5,15,10.5,53.5,54,1,48.5,55.5,10,30.5,79.5,14,28,9
"109","Lorenzo Montipò","Benevento","Serie A",94,100,83,64,96,100,99,89,8,34,85,88,38,90,92,61,61,86,49,45,98,75,35,63,26,20,"Hellas Verona","Serie A",-8.5,-9.5,-38,24,-12.5,-5,-17.5,-41,-2.5,-6,5.5,3.5,18.5,-13,-22.5,26.5,26.5,-5.5,17.5,18,-14.5,9,23.5,18.5,32,32
"110","Loris Karius","Liverpool","Premier League",53,40,62,64,53,54,40,17,47,52,46,52,13,56,63,37,35,46,41,52,47,54,61,81,87,86,"Union Berlin","Bundesliga",-28,-32,-34,0,-28,26,-35,0,27,38,-21,-25,10,-33,-44,41,44,-25,28,23,-23,-25,-9,-65,-75,-81
"111","Luca Zidane","Real Madrid","La Liga",12,13,28,64,33.5,54,11.5,98.5,55,24,4,3,25,8.5,8.5,4.5,7.5,10.5,8,14.5,3.5,20.5,56,15.5,51,55,"Rayo Vallecano","La Liga",23,26,0,0,8.5,0,26.5,-12.5,-12,11,35,33,57,26.5,31.5,39.5,41.5,23.5,39,40.5,30.5,30.5,39,19.5,-7,-40
"112","Luigi Sepe","Napoli","Serie A",12,3,28,64,25,54,3,100,71,97,5,2,95,2,4,4,5,3,26,27,2,29,100,9,9,47,"Parma","Serie A",76.3333333333333,92.3333333333333,56.3333333333333,16,71.6666666666667,30,93.3333333333333,-53.3333333333333,-19.6666666666667,-49,88.3333333333333,85,-7.33333333333333,78.3333333333333,74.6666666666667,56.3333333333333,57.6666666666667,91.3333333333333,17,10,97,52,-61.3333333333333,45,10.6666666666667,-20
"113","Luigi Sepe","Parma","Serie A",88.3333333333333,95.3333333333333,84.3333333333333,80,96.6666666666667,84,96.3333333333333,46.6666666666667,51.3333333333333,48,93.3333333333333,87,87.6666666666667,80.3333333333333,78.6666666666667,60.3333333333333,62.6666666666667,94.3333333333333,43,37,99,81,38.6666666666667,54,19.6666666666667,27,"Salernitana","Serie A",-38.8333333333333,-42.8333333333333,-6.33333333333333,-16,-63.1666666666667,-30,-39.8333333333333,5.83333333333334,29.1666666666667,28,-30.8333333333333,-28,-34.1666666666667,-27.3333333333333,-30.6666666666667,8.16666666666666,5.83333333333334,-41.8333333333333,3.5,9,-49.5,-20,30.3333333333333,-4,21.8333333333333,36
"114","Lukáš Hrádecký","Eint Frankfurt","Bundesliga",82,82,62,97,93,92,78,72,32,50,94,92,67,94,87,65,64,77,75,83,82,99,94,97,87,65,"Leverkusen","Bundesliga",-7.40000000000001,-4.8,6,-5.40000000000001,-19.6,-15.2,-3.2,-15.6,7.2,0,-21.6,-18.2,-23.6,0.799999999999997,2,-36.4,-33.8,-10,-47,-55,-15.2,-27.8,-37.4,-7.2,-11.2,14.6
"115","Marc-Aurèle Caillard","Guingamp","Ligue 1",56,66,47,88,64,54,61,78,20,34,73,69,65,48,47,88,90,60,91,90,54,66,68,31,10,7,"Metz","Ligue 1",-16,-19,20.5,-12,-5,0,-16,-30.5,9.5,-9.5,-33.5,-28.5,-29.5,-15,-3,-46.5,-42.5,-17.5,-11.5,-5.5,-14,-24.5,-24.5,5,20.5,30
"116","Marcin Bułka","Paris S-G","Ligue 1",12,8,28,64,25,54,9,98,70,96,5,2,95,10,19,2,1,1,38,24,6,12,12,22,93,92,"Nice","Ligue 1",3.5,2.5,0,0,0,0,5.5,-3,4,1.5,4.5,6,-49.5,0,-2,5.5,5.5,12,-13,2,6,14,75.5,-0.5,-23,-19.5
"117","Marco Silvestri","Hellas Verona","Serie A",62,62,72.3333333333333,80,72.6666666666667,75.3333333333333,59.3333333333333,18,44,38.6666666666667,60.3333333333333,67.6666666666667,32.3333333333333,46.6666666666667,41,67,65.6666666666667,68.3333333333333,80.3333333333333,77,62.3333333333333,44.6666666666667,22.3333333333333,41.3333333333333,18.3333333333333,19.3333333333333,"Udinese","Serie A",27.5,24,18.6666666666667,0.5,-3.66666666666667,10.6666666666667,26.6666666666667,53.5,6.5,16.3333333333333,11.6666666666667,3.33333333333333,18.1666666666667,25.3333333333333,28,-17,-19.1666666666667,16.6666666666667,-53.8333333333333,-51,20.6666666666667,18.8333333333333,9.66666666666667,12.1666666666667,0.666666666666668,2.16666666666667
"118","Marco Sportiello","Fiorentina","Serie A",86,70,62,97,74,54,71,39,38,52,72,68,65,71,97,36,33,85,33,31,86,93,77,67,30,25,"Frosinone","Serie A",-1,28,27,0,22,26,25,-8,-35,-28,7,17,-35,12,2,9,17,14,21,27,9,-15,-38,-4,-3,22
"119","Marco Sportiello","Frosinone","Serie A",85,98,89,97,96,80,96,31,3,24,79,85,30,83,99,45,50,99,54,58,95,78,39,63,27,47,"Atalanta","Serie A",-46,-62.5,-43,-27,-52.75,-26,-60.75,16.75,42.75,25.25,-51,-55.75,6.25,-46,-55,-37.75,-38.5,-66,-1,-7.75,-61,-33.5,26,-11.5,45.25,23.75
"120","Marko Dmitrović","Eibar","La Liga",78.75,80.5,78,88.75,66,71.5,77.5,79.75,23.25,42.5,93,94.75,41.25,75.5,55.75,95.25,97.75,69.75,95,99.5,63.75,73.5,65,97.25,91,90,"Sevilla","La Liga",-39.25,-50,-50,-24.75,-27,-4.5,-48.5,-67.25,32.75,6,-50.5,-51.25,5.75,-34.5,-19.25,-44.25,-41.75,-31.25,-44.5,-40.5,-25.25,-27,7,-52.75,-27,-35
"121","Marwin Hitz","Augsburg","Bundesliga",74,77,47,97,100,54,79,39,60,60,93,86,90,83,81,65,67,84,49,49,75,92,81,56,23,29,"Dortmund","Bundesliga",-43.75,-49.5,-2,-33,-62.25,6.5,-51.75,39.25,-10.25,-18,-67.75,-63.25,-27.5,-52,-50.25,-51.5,-49.75,-55.25,-27,-20,-47.75,-60,-33.75,-22.75,38.25,24
"122","Mathew Ryan","Brighton","Premier League",81,80.25,72.5,76,85,81.5,78,56.5,28,39.5,79.5,76,68.25,72,69.5,55,52,79.25,59.5,52.75,78,72.5,53.5,51,20,22,"Arsenal","Premier League",-57,-67.25,-25.5,-12,-60,-27.5,-58,-8.5,53,57.5,-72.5,-72,6.75,-52,-40.5,-54,-51,-69.25,-41.5,-41.75,-61,-28.5,46.5,-20,54,32
"123","Mathew Ryan","Arsenal","Premier League",24,13,47,64,25,54,20,48,81,97,7,4,75,20,29,1,1,10,18,11,17,44,100,31,74,54,"Real Sociedad","La Liga",0,12,0,0,39,0,2,-37,-37,-78,17,24,-62,6,-4,69,74,10,46,44,10,-10,-34,-4,-15,-9
"124","Mattia Perin","Genoa","Serie A",74.6666666666667,75.6666666666667,75.3333333333333,80,66.6666666666667,88,78.3333333333333,50.3333333333333,68.3333333333333,64,81.6666666666667,83.3333333333333,46.6666666666667,75.6666666666667,68.3333333333333,75,74,83,53,51,81.3333333333333,77.6666666666667,53,58.6666666666667,28.3333333333333,34,"Juventus","Serie A",-38.3333333333333,-45.3333333333333,-34.6666666666667,-16,-24.6666666666667,-25.3333333333333,-46.6666666666667,4.66666666666666,1.33333333333334,2,-51,-52.6666666666667,4,-40.3333333333333,-31.6666666666667,-50,-50,-50,-31,-28,-44.6666666666667,-48,-33.6666666666667,-24,12.3333333333333,3
"125","Maxime Dupé","Nantes","Ligue 1",26.5,30.5,54.5,80.5,39,54,26.5,43,30.5,10.5,30.5,29.5,62,19.5,23,85,81.5,26,94,92,27.5,40,76,32,65.5,46,"Toulouse","Ligue 1",67.5,62.5,28.5,16.5,57,44,67.5,14,16.5,45.5,36.5,36.5,-13,70.5,66,-68,-61.5,56,-63,-63,57.5,52,-1,31,-39.5,-36
"126","Michael Esser","Hannover 96","Bundesliga",49,65.5,58.5,76,61.5,67,64,64,20.5,21,62,58,87.5,57.5,53.5,62.5,56.5,58,39.5,38.5,59.5,66.5,76,57,63.5,44.5,"Bochum","Bundesliga",-25,-35.5,3.5,-12,-19.5,-13,-31,18,59.5,75,-34,-28,-69.5,-29.5,-33.5,-5.5,0.5,-31,31.5,21.5,-33.5,-43.5,-57,-41,-49.5,-31.5
"127","Mike Maignan","Lille","Ligue 1",86,64.5,74,82,65.5,84,68,35.25,70.5,67.75,69,73,33.5,73.5,90.75,42,42.75,79.75,58,64.5,76,83,67,85.5,65,80.25,"Milan","Serie A",-21,-18,-12,-6,-2,-17,-18,-4.25,0,-0.75,-7.5,-15.5,34.5,5.5,-13.25,-17.5,-12.75,-32.25,-36,-40.5,-20.5,-7,18,-2.5,11.5,3.75
"128","Neto","Valencia","La Liga",79.5,65,84.5,92.5,78.5,73,79,40,98.5,90,76,82,29.5,58,82,72,76,87,80,85,92,67,32,46,14.5,18.5,"Barcelona","La Liga",-53.5,-44,-45.1666666666667,-20.5,-42.1666666666667,-19,-58.3333333333333,20.3333333333333,-33.8333333333333,-31,-56.6666666666667,-65.6666666666667,52.5,-31.3333333333333,-56.3333333333333,-60.3333333333333,-63.3333333333333,-62.3333333333333,-74.3333333333333,-79.3333333333333,-68.6666666666667,-45.6666666666667,-1.66666666666667,-12.3333333333333,62.8333333333333,53.8333333333333
"129","Neto","Barcelona","La Liga",26,21,39.3333333333333,72,36.3333333333333,54,20.6666666666667,60.3333333333333,64.6666666666667,59,19.3333333333333,16.3333333333333,82,26.6666666666667,25.6666666666667,11.6666666666667,12.6666666666667,24.6666666666667,5.66666666666667,5.66666666666667,23.3333333333333,21.3333333333333,30.3333333333333,33.6666666666667,77.3333333333333,72.3333333333333,"Bournemouth","Premier League",36,51,43.6666666666667,-8,59.6666666666667,26,54.3333333333333,-21.3333333333333,17.3333333333333,11,55.6666666666667,59.6666666666667,-37,33.3333333333333,49.3333333333333,58.3333333333333,54.3333333333333,49.3333333333333,54.3333333333333,43.3333333333333,63.6666666666667,74.6666666666667,53.6666666666667,36.3333333333333,-27.3333333333333,-47.3333333333333
"130","Nick Pope","Burnley","Premier League",86.25,77,79.5,70,79.75,80,81,35.25,60.5,65.5,95.25,97,38.75,77.75,78.75,94.5,95,89,90.75,93.75,95,98.25,87.75,94.5,81.25,66.5,"Newcastle Utd","Premier League",2.75,-14,-17.5,-6,16.25,0,-19,-12.25,5.5,-3.5,-33.25,-30,-13.75,-12.75,20.25,-57.5,-57,-21,-26.75,-25.75,-24,-2.25,4.25,4.5,12.75,23.5
"131","Nícolas Andrade","Hellas Verona","Serie A",89,99,93,100,97,92,99,31,12,36,99,98,69,94,100,80,81,100,80,79,100,99,82,80,47,32,"Udinese","Serie A",-70,-74,-65,-36,-72,-38,-78,69,26,-28,-86,-89,28,-83,-87,-60,-63,-90,-34,-35,-86,-87,-70,-71,-38,-17
"132","Oier Olazábal","Levante","La Liga",59,73,86,76,69,89,75,52.5,83,73,69,71.5,40,50.5,56,79.5,84.5,73,69.5,67.5,67.5,72.5,57,59.5,39.5,40.5,"Espanyol","La Liga",-43,-67.5,-48.5,-12,-44,-35,-66,-47.5,-8.5,21.5,-54.5,-56.5,-6.5,-35.5,-37.5,-34,-30.5,-60.5,-0.5,-5,-52,-38.5,39.5,-50.5,-30.5,-38
"133","Orestis Karnezis","Watford","Premier League",47,50,73,64,53,54,47,78,14,20,62,62,50,45,35,98,96,41,94,88,44,54,68,41,29,41,"Napoli","Serie A",-8,-20,-26,0,-28,0,-15,-39,62,60,-30,-26,-39,-10,3,-59,-62,-4,-42,-33,-8,-17,-25,-6,4,10
"134","Pau López","Espanyol","La Liga",66,61,73,88,83,54,70,48,95,85,80,83,40,59,74,80,83,76,84,88,73,90,79,67,43,38,"Betis","La Liga",11,23,0,9,10,0,15,34,-59,-33,-22,-25,10,33,16,-70,-75,3,-62,-62,-2,-6,-7,25,33,34
"135","Pau López","Betis","La Liga",77,84,73,97,93,54,85,82,36,52,58,58,50,92,90,10,8,79,22,26,71,84,72,92,76,72,"Roma","Serie A",-13,-14,12.5,-9,-19,22,-16.5,-34,12,3,-2,-5,10.5,-24,-13,11,15,-21.5,0,-4,-16.5,-35.5,-36,-8.5,1.5,20
"136","Pau López","Roma","Serie A",64,70,85.5,88,74,76,68.5,48,48,55,56,53,60.5,68,77,21,23,57.5,22,22,54.5,48.5,36,83.5,77.5,92,"Marseille","Ligue 1",7,-7.5,0.5,-24,9,-9,-5.5,4.5,13,5.5,-1.5,4.5,-33.5,24,-1,-8.5,-6.5,1,5,4.5,5,30,43.5,5,-2.5,-14.5
"137","Paul Bernardoni","Nîmes","Ligue 1",79.5,82.5,83,64,63.5,80,79.5,58.5,48.5,48.5,77,81,32,67,69,76,70.5,75.5,77,74,69,73.5,61,76,53.5,63,"Angers","Ligue 1",-9.83333333333333,-3.5,6,19,22.8333333333333,-2.66666666666667,-2.83333333333333,15.1666666666667,-34.5,-19.1666666666667,-22.6666666666667,-22.6666666666667,5.66666666666666,-13.3333333333333,6,-35,-26.1666666666667,-11.5,-28.6666666666667,-26.3333333333333,-3.66666666666667,4.83333333333333,10,-20.6666666666667,-15.1666666666667,-41.6666666666667
"138","Paul Bernardoni","Angers","Ligue 1",69.6666666666667,79,89,83,86.3333333333333,77.3333333333333,76.6666666666667,73.6666666666667,14,29.3333333333333,54.3333333333333,58.3333333333333,37.6666666666667,53.6666666666667,75,41,44.3333333333333,64,48.3333333333333,47.6666666666667,65.3333333333333,78.3333333333333,71,55.3333333333333,38.3333333333333,21.3333333333333,"Saint-Étienne","Ligue 1",-16.6666666666667,-10,0,5,-3.33333333333333,14.6666666666667,-14.6666666666667,-8.66666666666667,3,-1.33333333333333,-2.33333333333334,1.66666666666666,-25.6666666666667,-1.66666666666666,-7,27,17.6666666666667,-13,21.6666666666667,16.3333333333333,-19.3333333333333,-3.33333333333333,24,40.6666666666667,59.6666666666667,71.6666666666667
"139","Paulo Gazzaniga","Tottenham","Premier League",29,23,43,72,34.3333333333333,62.6666666666667,25.6666666666667,44.6666666666667,61,77.3333333333333,24.6666666666667,26.6666666666667,38.6666666666667,25.3333333333333,26,34.3333333333333,32,28.6666666666667,48.3333333333333,50.6666666666667,26.6666666666667,34.6666666666667,62.3333333333333,31,46.3333333333333,50.6666666666667,"Elche","La Liga",8,10,4,-8,29.6666666666667,17.3333333333333,2.33333333333333,-21.6666666666667,-29,-50.3333333333333,18.3333333333333,15.3333333333333,18.3333333333333,9.66666666666667,5,47.6666666666667,60,8.33333333333333,33.6666666666667,43.3333333333333,7.33333333333333,-5.66666666666666,-40.3333333333333,-4,-31.3333333333333,-22.6666666666667
"140","Paulo Gazzaniga","Elche","La Liga",37,33,47,64,64,80,28,23,32,27,43,42,57,35,31,82,92,37,82,94,34,29,22,27,15,28,"Girona","La Liga",27,34,36,0,10,-26,54,63,67,65,26,29,-13,38,43,-49,-55,38,-29,-33,44,67,66,53,53,29
"141","Pepe Reina","Napoli","Serie A",94,58,62,97,64,54,55,31,23,47,71,64,80,89,91,20,22,76,21,25,63,48,24,97,82,93,"Milan","Serie A",-75,-41.5,-24.5,-21,-39,0,-37.5,-17.5,36,14.5,-52,-47,-12.5,-71,-70.5,13.5,20.5,-61,32.5,21,-45.5,-15,69.5,-75,-23,-72
"142","Pepe Reina","Milan","Serie A",19,16.5,37.5,76,25,54,17.5,13.5,59,61.5,19,17,67.5,18,20.5,33.5,42.5,15,53.5,46,17.5,33,93.5,22,59,21,"Aston Villa","Premier League",24,29.5,24.5,-12,28,0,24.5,0.5,-49,-48.5,36,32,21.5,26,23.5,38.5,21.5,29,-2.5,-4,25.5,15,-34.5,30,8,54
"143","Pepe Reina","Aston Villa","Premier League",43,46,62,64,53,54,42,14,10,13,55,49,89,44,44,72,64,44,51,42,43,48,59,52,67,75,"Lazio","Serie A",15,20.5,28.5,0,17.5,19,20,48.5,11.5,20.5,1,0.5,-2,27,17,-52.5,-41,5,-40,-33,12.5,4.5,-13,-2,-37,-29
"144","Pepe Reina","Lazio","Serie A",58,66.5,90.5,64,70.5,73,62,62.5,21.5,33.5,56,49.5,87,71,61,19.5,23,49,11,9,55.5,52.5,46,50,30,46,"Villarreal","La Liga",-1,-11.5,-7.5,0,-6.5,7,-3,2.5,66.5,46.5,-11,-0.5,-69,-2,4,-5.5,-7,-1,11,15,3.5,13.5,13,11,18,12
"145","Pierluigi Gollini","Atalanta","Serie A",55.25,49.75,69.25,80.5,55.5,71.5,50,60.25,57.25,64.25,53.5,50.25,64.5,53.5,56.75,27.25,35.25,50.75,57.25,64.5,48.25,37.75,20.75,74,72,83.5,"Fiorentina","Serie A",-31.25,-36.75,-41.25,-16.5,-13.5,-17.5,-39,-49.25,-3.25,-23.25,-31.5,-27.25,-32.5,-24.5,-29.75,-5.25,-1.25,-38.75,-0.25,-0.5,-33.25,-14.75,29.25,-65,-63,-76.5
"146","Pierluigi Gollini","Fiorentina","Serie A",24,13,28,64,42,54,11,11,54,41,22,23,32,29,27,22,34,12,57,64,15,23,50,9,9,7,"Napoli","Serie A",5,9,0,0,0,0,6,-5,-15,-22,1,-1,39,2,4,-10,-14,15,-41,-48,12,6,-8,18,30,84
"147","Pietro Terracciano","Empoli","Serie A",37,35,28,64,42,80,34,48,68,69,31,31,45,34,37,37,30,39,8,15,37,23,13,27,15,14,"Fiorentina","Serie A",6.4,7.8,28.8,0,-0.200000000000003,-5.59999999999999,4.6,-15.6,-23.4,-19,14.4,14.2,0.600000000000001,16,8,12.6,20,1,31.6,23.8,1.2,24.4,46,27.8,49,45.4
"148","Predrag Rajković","Reims","Ligue 1",84.3333333333333,70.3333333333333,73,83,80.6666666666667,62.6666666666667,75,32.3333333333333,73.6666666666667,70.6666666666667,72,79,19.6666666666667,86.6666666666667,85.6666666666667,43.6666666666667,50,85.3333333333333,39,42.6666666666667,87.3333333333333,81,58,79.3333333333333,54.3333333333333,48.3333333333333,"Mallorca","La Liga",4.66666666666667,3.66666666666667,20,-19,-16.6666666666667,-8.66666666666666,0,-1.33333333333334,-28.6666666666667,-14.6666666666667,25,17,48.3333333333333,-1.66666666666667,-14.6666666666667,45.3333333333333,42,9.66666666666667,33,33.3333333333333,10.6666666666667,13,8,-19.3333333333333,-31.3333333333333,-27.3333333333333
"149","Rafael","Cagliari","Serie A",34.5,36,54.5,64,44.5,54,35,75.5,47,43.5,40,37,77,31,30,79,70,38,47,39,38,35.5,31,27,20.5,11.5,"Spezia","Serie A",-15.5,-11,-26.5,0,-19.5,0,-8,10.5,27,49.5,-19,-16,-44,-5,-10,-39,-36,-20,-36,-31,-17,-12.5,-3,-5,24.5,19.5
"150","Rafał Gikiewicz","Freiburg","Bundesliga",14,18,28,64,25,54,9,11,35,4,32,28,92,18,15,93,97,22,97,98,22,29,60,16,26,57,"Union Berlin","Bundesliga",63,74,45,0,68,26,81,54,-21,34,67,69,-8,77,54,-9,-14,63,-17,-14,66,65,18,69,39,-16
"151","Rafał Gikiewicz","Union Berlin","Bundesliga",77,92,73,64,93,80,90,65,14,38,99,97,84,95,69,84,83,85,80,84,88,94,78,85,65,41,"Augsburg","Bundesliga",-3.33333333333333,-5.33333333333333,3.33333333333333,16,-33,1.33333333333333,-1.33333333333333,-7,47,23.3333333333333,-14.6666666666667,-12.6666666666667,-29.6666666666667,-4.66666666666667,14,-36.6666666666667,-35.3333333333333,1,-27.6666666666667,-27.3333333333333,-3.66666666666667,-7.33333333333333,-13,4.66666666666667,12.6666666666667,36.6666666666667
"152","Roberto","Málaga","La Liga",82,89,83,88,64,54,97,91,95,83,94,95,51,68,57,93,94,88,93,92,82,91,74,61,27,22,"Alavés","La Liga",-44,-44,-10,-24,-22,0,-50,-5,-19,-3,-43,-47,25,-34,-38,5,5,-50,1,6,-46,-57,-45,-34,-13,-3
"153","Roberto","Alavés","La Liga",38,45,73,64,42,54,47,86,76,80,51,48,76,34,19,98,99,38,94,98,36,34,29,27,14,19,"West Ham","Premier League",-3,-2,-26,24,11,26,-2,3,7,9,-11,-5,-63,2,13,-7,-8,-7,-3,-9,-1,-22,-17,17,59,44
"154","Roberto","West Ham","Premier League",35,43,47,88,53,80,45,89,83,89,40,43,13,36,32,91,91,31,91,89,35,12,12,44,73,63,"Valladolid","La Liga",10,0,15,-24,0,-26,-3,-17,-54,-55,12,16,2,8,6,1,3,16,-8,0,12,11,0,0,-33,-15
"155","Robin Olsen","Roma","Serie A",64,77,83,64,83,80,71,39,15,34,69,62,79,63,84,37,42,70,40,50,72,54,25,70,49,57,"Cagliari","Serie A",-14,-27,0,0,-41,12,-20,-25,62,38,-17,-9,-41,-18,-37,37,37,-14,1,-9,-16,-6,3,-36,-37,-47
"156","Robin Olsen","Cagliari","Serie A",50,50,83,64,42,92,51,14,77,72,52,53,38,45,47,74,79,56,41,41,56,48,28,34,12,10,"Everton","Premier League",-15,-17,-36,0,-17,-38,-16,51,-7,0,-16,-18,17,-13,-17,-14,-24,-22,9,2,-23,-11,27,-3,14,17
"157","Robin Olsen","Everton","Premier League",35,33,47,64,25,54,35,65,70,72,36,35,55,32,30,60,55,34,50,43,33,37,55,31,26,27,"Aston Villa","Premier League",-17,-8.5,-9.5,0,19.5,0,-14.5,16,-32,-65,-16.5,-11.5,-41,-14,-8.5,6,13,-11.5,6,16,-12.5,4,42.5,-13,4,0.5
"158","Ron-Robert Zieler","Stuttgart","Bundesliga",82,83.5,72.5,97,73,77,87,50.5,48,51,93.5,96,40.5,89.5,71,84,82.5,94,72.5,81,90,89,64,87,66,51,"Köln","Bundesliga",-81,-75.5,-25.5,-33,-48,-23,-80,-49.5,16,40,-81.5,-89,57.5,-86.5,-62,-41,-40.5,-89,10.5,-15,-81,-66,18,-78,-57,-15
"159","Rubén","La Coruña","La Liga",64,95,62,99,97,92,88,89,3,19,77,74,60,54,63,79,77,75,72,76,76,84,64,48,18,17,"Osasuna","La Liga",-29,-57.5,-11.5,-23,-63.5,-38,-52,6.5,32,7,-28,-27.5,8,-22,-37.5,17,19,-40.5,19,13.5,-44.5,-52,-27,-7.5,45.5,64
"160","Rubén Blanco","Celta Vigo","La Liga",60.75,67.25,73,87.5,63.75,54,65,74,31.5,40.75,69.75,72,38.25,61.5,60.25,59.75,60.25,67.75,66,68.5,65.25,53,28.25,59,43,48.5,"Marseille","Ligue 1",-29.75,-39.25,-45,-23.5,-21.75,38,-44,-65,26.5,15.25,-50.75,-47,-33.25,-29.5,-26.25,-44.75,-47.25,-36.75,-50,-52.5,-35.25,-24,4.75,-22,33,43.5
"161","Rui Patrício","Wolves","Premier League",96,82,72,88,90.6666666666667,92.6666666666667,76.3333333333333,42,21.3333333333333,45.6666666666667,84.3333333333333,79.3333333333333,73.3333333333333,58.6666666666667,71,74,66.6666666666667,87.6666666666667,67.6666666666667,51.6666666666667,89,73.6666666666667,39.6666666666667,50.6666666666667,14.6666666666667,19.6666666666667,"Roma","Serie A",-3.5,-9,3.5,4.5,-12.1666666666667,-6.66666666666667,-7.83333333333333,-18,20.6666666666667,1.83333333333334,-11.8333333333333,-12.3333333333333,0.666666666666671,12.8333333333333,2,-26,-21.6666666666667,-13.1666666666667,-49.1666666666667,-33.6666666666667,-20,-10.1666666666667,1.33333333333334,19.8333333333333,20.3333333333333,30.8333333333333
"162","Rui Silva","Granada","La Liga",79.5,84.5,86,92.5,73.5,67,85,56.5,41,47,94.5,95.5,46,82.5,57,88,88,88.5,80,82,81.5,70,41.5,96,86,86.5,"Betis","La Liga",-20.5,-29.5,-24,-16.5,-3,0,-28.5,-9,26,17,-31,-30.5,-6.5,-21.5,6,-40.5,-41,-23.5,-33,-33,-17.5,3,21.5,-13.5,-8,-11.5
"163","Salvatore Sirigu","Torino","Serie A",85.5,86,87,87.5,83.25,65,88.25,52.25,52.75,54.75,88,83.5,78.5,78,73.5,54,52.75,93.5,55.25,46.25,91.75,80,47.5,74.5,46.25,52,"Genoa","Serie A",8.5,10,-4,11.5,9.75,27,3.75,-13.25,-45.75,-23.75,4,5.5,-5.5,8,-12.5,14,7.25,-10.5,9.75,5.75,-10.75,-17,-16.5,-13.5,-22.25,-17
"164","Salvatore Sirigu","Genoa","Serie A",94,96,83,99,93,92,92,39,7,31,92,89,73,86,61,68,60,83,65,52,81,63,31,61,24,35,"Fiorentina","Serie A",-82,-93,-55,-35,-68,-38,-85,-31,68,68,-80,-78,-24,-75,-42,-14,6,-74,-27,-12,-75,-51,-19,-39,69,64
"165","Sam Johnstone","West Brom","Premier League",94,100,96,97,93,98,100,39,16,41,95,98,26,92,93,91,92,92,86,85,99,78,35,87,60,49,"Crystal Palace","Premier League",-55,-65,-34,-33,-19,-18,-65,-16,59,37,-62,-62,-10,-52,-53,-57,-61,-59,-43,-43,-63,-49,-16,-41,9,18
"166","Sergio Asenjo","Villarreal","La Liga",67,64.6,73.4,75.4,65.8,75.6,65.8,43.8,60.8,63.2,60.8,62.4,40.4,61.8,71.8,40.4,42.8,71.8,45.4,47,77.6,71.6,47.6,69.4,58.4,47,"Valladolid","La Liga",-26,-17.6,-26.4,12.6,-40.8,-21.6,-21.8,34.2,-46.8,-49.2,-17.8,-18.4,-0.399999999999999,-20.8,-29.8,10.6,12.2,-28.8,15.6,23,-34.6,-30.6,-14.6,-13.4,27.6,28
"167","Sergio Rico","Sevilla","La Liga",59,72,73,88,83,54,67,89,12,28,55,61,20,54,68,47,43,64,62,67,63,73,64,50,24,24,"Fulham","Premier League",9,21,10,-24,14,38,25,-24,6,10,36,29,50,7,-11,41,41,23,22,14,17,-29,-50,24,28,30
"168","Sergio Rico","Fulham","Premier League",68,93,83,64,97,92,92,65,18,38,91,90,70,61,57,88,84,87,84,81,80,44,14,74,52,54,"Paris S-G","Ligue 1",-39,-65.5,-55,0,-63.5,-25,-66,-13,42.5,9,-83.5,-79.5,-65.5,-38,-32,-82.5,-82.5,-62,-78,-76.5,-52.5,-26.5,8.5,-41,9.5,33.5
"169","Sergio Rico","Paris S-G","Ligue 1",29,27.5,28,64,33.5,67,26,52,60.5,47,7.5,10.5,4.5,23,25,5.5,1.5,25,6,4.5,27.5,17.5,22.5,33,61.5,87.5,"Mallorca","La Liga",18,30.5,45,0,40.5,25,23,26,-51.5,-32,46.5,38.5,84.5,19,18,73.5,73.5,18,56,56.5,18.5,11.5,-9.5,1,-46.5,-56.5
"170","Sergio Romero","Manchester Utd","Premier League",12,3,28,64,25,54,5,78,74,99,12,10,75,4,11,63,65,7,86,88,11,23,70,9,9,1,"Venezia","Serie A",37,61,65,0,17,38,56,-47,-18,-41,41,42,-23,48,50,-13,-16,46,-54,-56,43,40,-4,37,26,21
"171","Stefan Ortega","Arminia","Bundesliga",79.5,90,92.5,76,85.5,86,95.5,61,91.5,78,100,99,86.5,100,63,70,72.5,88,52,60,89,63.5,29,91,74,86.5,"Manchester City","Premier League",-55.5,-82,-64.5,-12,-60.5,-32,-73.5,-13,-2.5,21,-81,-83,-0.5,-67,-37,-65,-69.5,-75,-50,-59,-73,-40.5,16,-54,22,10.5
"172","Stefanos Kapino","Werder Bremen","Bundesliga",6.5,10.5,28,64,25,54,4,7,46,2.5,7,6.5,40,5,15.5,33,29,6,40,38.5,8,12,12,12.5,34,24,"Arminia","Bundesliga",5.5,-7.5,0,0,0,0,3,32,29,96.5,6,4.5,39,1,-9.5,16,35,6,39,24.5,10,11,25,9.5,59,67
"173","Steve Mandanda","Marseille","Ligue 1",66.6,62,70,75.4,69.2,77.2,59,50.8,41.4,52.8,61.8,65,37.2,69,70.8,41.6,40.4,61.6,40.8,38.6,62.2,72.6,66.4,66.8,51,59.4,"Rennes","Ligue 1",11.4,-1,-8,-11.4,13.8,2.8,5,6.2,44.6,19.2,13.2,9,18.8,24,16.2,-10.6,-11.4,2.4,5.2,0.399999999999999,4.8,23.4,27.6,27.2,30,20.6
"174","Thibaut Courtois","Chelsea","Premier League",85,66,62,64,53,92,62,65,53,58,72,75,39,89,98,34,44,79,39,51,76,88,74,68,35,39,"Real Madrid","La Liga",-4.2,-9.2,10.4,4.8,6.4,-32.8,0,-28,23.4,13.4,-21.2,-19.6,-13.8,-5.59999999999999,-3.2,-19,-22.6,-13.2,-20.6,-25.4,-6.40000000000001,-3.8,-0.599999999999994,11,19.4,23.6
"175","Tom Heaton","Burnley","Premier League",39,38.5,37.5,76,47.5,76,37.5,67.5,51,64.5,56.5,55,61,37.5,35.5,92.5,95.5,43.5,83,92,45,38.5,31,48.5,54.5,47.5,"Aston Villa","Premier League",15,28.5,35.5,12,45.5,4,20.5,-28.5,-42,-43.5,3.5,11,-42,13.5,24.5,-13.5,-19.5,20.5,-20,-25,22,17.5,0,1.5,-24.5,-22.5
"176","Tomáš Koubek","Rennes","Ligue 1",78,77,67.5,64,89.5,86,75,56.5,50,54,82.5,82.5,49.5,65,68,68,68.5,83,70.5,72.5,85,77,49,93,79.5,75.5,"Augsburg","Bundesliga",-27.5,-8.5,-39.5,12,-45,6,-9.5,35.5,-4.5,0,-22.5,-18,-23,-9.5,-16,-7,0.5,-26,-3.5,1,-30.5,-19.5,8,-19.5,5.5,0
"177","Vanja Milinković-Savić","SPAL","Serie A",14,22,28,64,42,54,18,6,43,9,16,20,7,20,29,46,43,21,41,64,17,23,43,16,25,10,"Torino","Serie A",36.25,21.5,37,8.25,11,0,20.5,18.75,-13.25,19,38,39,4.25,36.25,18.5,15,27.75,25,37.5,21.25,26,30.75,23,39.75,45.75,53.25
"178","Vicente Guaita","Getafe","La Liga",77,53,47,64,42,54,69,78,99,91,91,97,17,67,49,96,97,89,97,96,81,80,53,82,60,63,"Crystal Palace","Premier League",-4,17.8,9.6,9.59999999999999,35.2,20.4,1,-34.8,-56.6,-42.6,-20.2,-22.2,15.6,-1.8,31,-36.4,-42.6,-13.2,-34.6,-36.2,-2.8,-4.2,-0.799999999999997,-15,-18.6,-20.8
"179","Vid Belec","Benevento","Serie A",44,55,73,88,42,92,59,93,91,92,42,45,21,42,50,59,65,47,46,45,48,61,78,41,37,18,"Sampdoria","Serie A",-25,-30,-26,-24,0,-38,-36,-76,-42,-71,-29,-29,-5,-20,-30,-36,-57,-29,-35,-28,-28,-49,-66,-10,56,78
"180","Vid Belec","Sampdoria","Serie A",19,25,47,64,42,54,23,17,49,21,13,16,16,22,20,23,8,18,11,17,20,12,12,31,93,96,"Salernitana","Serie A",37,62,26,0,32,38,54,40,-42,-1,58,48,61,27,32,56,68,43,60,50,40,47,30,21,-63,-64
"181","Vito Mannone","Monaco","Ligue 1",39,40,62,64,42,54,39,86,38,34,39,39,40,39,31,39,37,36,70,73,34,23,13,44,64,97,"Lorient","Ligue 1",12,10,-15,33,11,0,15,-21,39,38,4,7,-18,14,30,-19,-18,11,-35,-44,28,36,27,-3,-42,-84
"182","Wayne Hennessey","Crystal Palace","Premier League",46.3333333333333,53,49.3333333333333,88,73.3333333333333,66.6666666666667,52,74,43.3333333333333,53.3333333333333,61,62.3333333333333,48.6666666666667,42.3333333333333,40.3333333333333,92.6666666666667,93.3333333333333,52.3333333333333,88.3333333333333,95,53,55.3333333333333,49.6666666666667,48.6666666666667,49,41,"Burnley","Premier League",-27.3333333333333,-25,-21.3333333333333,-24,-31.3333333333333,13.3333333333333,-33,-35,-12.3333333333333,-49.3333333333333,-30,-32.3333333333333,26.3333333333333,-22.3333333333333,-25.3333333333333,5.33333333333333,4.66666666666667,-31.3333333333333,2.66666666666667,0,-32,-43.3333333333333,-37.6666666666667,-17.6666666666667,44,42
"183","Wayne Hennessey","Burnley","Premier League",19,28,28,64,42,80,19,39,31,4,31,30,75,20,15,98,98,21,91,95,21,12,12,31,93,83,"Nott'ham Forest","Premier League",5,-3,0,0,0,-26,2,18,10,13,-2,-2,-15,3,9,-17,-11,3,-17,-18,-1,11,19,-9,-62,0
"184","Willy Caballero","Chelsea","Premier League",21.5,18.25,28,64,36.25,60.5,13,52.5,44.75,31.5,17.75,16.5,57,19.5,18.25,20,16.5,16.25,39.5,36,15.5,21.75,39.25,24.25,54.75,65.25,"Southampton","Premier League",-2.5,6.75,0,0,5.75,-6.5,6,25.5,-12.75,-27.5,7.25,5.5,33,-2.5,-17.25,56,53.5,-1.25,54.5,48,3.5,1.25,-6.25,6.75,38.25,-16.25
"185","Wladimiro Falcone","Sampdoria","Serie A",29,32.5,47,64,25,67,32.5,51,55,64,27.5,29.5,37.5,29.5,30,41.5,30.5,29.5,56.5,49.5,29.5,29,32,22,34.5,44,"Lecce","Serie A",65,46.5,42,33,63,31,45.5,-28,23,2,53.5,63.5,-29.5,50.5,46,43.5,53.5,58.5,21.5,24.5,58.5,55,21,67,30.5,7
"186","Yann Sommer","M'Gladbach","Bundesliga",69.8333333333333,75.5,71.8333333333333,76,67.8333333333333,62.6666666666667,78,50.3333333333333,56.3333333333333,62.1666666666667,68.5,68.5,49.1666666666667,89.5,77,22.8333333333333,23.6666666666667,72.5,23.3333333333333,25,72.8333333333333,68.1666666666667,49.3333333333333,76.8333333333333,64.1666666666667,60.3333333333333,"Bayern Munich","Bundesliga",-16.8333333333333,-23.5,24.1666666666667,12,-25.8333333333333,-8.66666666666666,-26,31.6666666666667,-18.3333333333333,-15.1666666666667,-27.5,-29.5,16.8333333333333,-26.5,-22,-17.8333333333333,-18.6666666666667,-27.5,-14.3333333333333,-16,-24.8333333333333,-9.16666666666667,22.6666666666667,-3.83333333333333,12.8333333333333,19.6666666666667
"187","Yassine Bounou","Girona","La Liga",70,81,88,97,68,80,86.5,60,74.5,72,84,85.5,46.5,65,65,74,78,81,76.5,79,73,58.5,30.5,67.5,39.5,46.5,"Sevilla","La Liga",-10.75,-31.25,-24.5,-18.75,-5.25,-7,-34.5,-27.25,-3.75,-1.75,-23,-28,22.75,1,-6,-41.25,-43,-23,-29.5,-36,-13.5,11.25,31.5,-4,9,4.25
"188","Yoel","Valladolid","La Liga",24,28,47,88,25,54,26,93,47,26,31,31,45,24,13,94,95,19,89,97,18,29,80,22,33,38,"Eibar","La Liga",-3.66666666666667,-12.6666666666667,-19,-24,0,0,-9,-16,21,48,-0.666666666666668,-3,20.3333333333333,-4,2,-3,-2.66666666666667,-0.666666666666668,11,1.66666666666667,-1.33333333333333,-11.3333333333333,-57,12.3333333333333,44,30.3333333333333
"189","Yvon Mvogo","RB Leipzig","Bundesliga",14.6666666666667,13,34.3333333333333,64,25,54,9.33333333333333,45.6666666666667,51,38.3333333333333,13,9.33333333333333,70.6666666666667,14.3333333333333,13.6666666666667,30.6666666666667,31.6666666666667,8,26.6666666666667,31,7.33333333333333,15.6666666666667,28.3333333333333,23.6666666666667,82.6666666666667,68.6666666666667,"Lorient","Ligue 1",38.3333333333333,43,12.6666666666667,0,49,26,45.6666666666667,19.3333333333333,-2,15.6666666666667,38,40.6666666666667,-23.6666666666667,37.6666666666667,39.3333333333333,9.33333333333333,1.33333333333333,44,7.33333333333333,-4,58.6666666666667,64.3333333333333,43.6666666666667,13.3333333333333,-67.6666666666667,-63.6666666666667
"190","Zack Steffen","Düsseldorf","Bundesliga",51,68,47,88,74,80,64,82,24,34,65,59,78,54,61,60,62,53,60,70,53,63,66,55,50,35,"Manchester City","Premier League",-39,-65,-19,-24,-49,-26,-63,-81,38,48,-62,-55,-76,-42,-48,-54,-59,-46,-56,-69,-49,-51,-54,-28,48,45
"191","Álvaro Fernández","Huesca","La Liga",57,63,62,64,93,80,60,72,44,52,58,57,57,62,66,38,46,60,22,27,54,59,52,67,61,67,"Brentford","Premier League",-14,-13,-15,0,-10,12,-13,-15,-16,-21,-13,-7,-43,-11,-19,17,-1,-19,14,0,-8,-8,4,-9,20,14
"192","Álvaro Fernández","Brentford","Premier League",43,50,47,64,83,92,47,57,28,31,45,50,14,51,47,55,45,41,36,27,46,51,56,58,81,81,"Espanyol","La Liga",-1,-6,-19,0,-9,-12,-5,21,3,0,12,1,76,-10,-9,28,40,5,40,51,-5,-10,-18,-4,-6,-4
"193","Ørjan Nyland","Aston Villa","Premier League",33,38,28,64,25,54,33,78,18,9,35,37,21,31,34,68,78,34,83,85,32,37,61,16,10,9,"RB Leipzig","Bundesliga",-14,-25,0,0,17,26,-21,15,55,85,-16,-16,8,-6,-15,-32,-35,-17,-57,-59,-15,-25,-49,-7,-1,20
"194","Łukasz Fabiański","Swansea City","Premier League",100,93,73,88,83,92,98,57,95,81,97,97,56,86,84,82,84,100,88,91,98,98,83,65,26,18,"West Ham","Premier League",-16.2,-10.6,-2.40000000000001,-12.6,-6,-3.2,-15.6,-3,-32.2,-17.2,-9.8,-10.6,-1.4,-17.4,-5,-0.200000000000003,-4.8,-17.8,-16.8,-20.6,-11.8,-14.2,-26,-11.8,-6.6,1.4
"195","Łukasz Skorupski","Roma","Serie A",12,3,28,64,25,54,3,11,71,97,13,9,97,11,21,30,29,7,48,30,9,12,12,22,93,96,"Bologna","Serie A",75.6,86.6,63.8,25.8,57,32,88,33.4,-16,-41.4,61.4,61.2,-28.4,67.6,73,7.8,8,81,-23.6,-9.2,74.6,79.4,60.6,40,-64.6,-69.4
