"","Squad_1","Squad_2","Comp_1","Comp_2","Player","Mins_Per_90","GA_Goals","PKA_Goals","FK_Goals","CK_Goals","OG_Goals","PSxG_Expected","PSxG_per_SoT_Expected","PSxG._per__minus__Expected","X_per_90_Expected","Cmp_Launched","Att_Launched","Cmp_percent_Launched","Att_Passes","Thr_Passes","Launch_percent_Passes","AvgLen_Passes","Att_Goal","Launch_percent_Goal","AvgLen_Goal","Opp_Crosses","Stp_Crosses","Stp_percent_Crosses","X.OPA_Sweeper","X.OPA_per_90_Sweeper","AvgDist_Sweeper"
"1","Bournemouth","Sheffield Utd","Premier League","Premier League","Aaron Ramsdale",6,1,-16,-36,22,44,-2,-33,-30,-18,12,7,7,2,-22,21,18,-2,27,22,-1,17,33,12,13,13
"2","Sheffield Utd","Arsenal","Premier League","Premier League","Aaron Ramsdale",-9,-22.5,8,0,-20,-18,-21.5,9,38.5,21,-30,-19,-14.5,9.5,16,-49.5,-51.5,-30,-32,-25,-25.5,-10,4.5,11.5,29,43.5
"3","Chievo","Genoa","Serie A","Serie A","Adrian Šemper",-21,-23,0,0,-17,0,-27,18,-4,-15,-27,-24,-40,-21,-26,5,-6,-27,-5,-8,-33,-27,11,-18,-13,11
"4","West Ham","Liverpool","Premier League","Premier League","Adrián",-21.5,-24,-19,-12,-40.5,-26,-26.5,10.5,-30.5,-43.5,-45.5,-49.5,16.5,-17,-6,-61,-62,-32,-82,-84,-30,-32,-8,-34.5,1.5,1.5
"5","Levante","Osasuna","La Liga","La Liga","Aitor Fernández",-8.75,-25.25,-41,-12,-61,0.5,-24.5,-15,1.75,5.5,23,14.75,34.25,3.5,-15.25,19.5,22,-7.5,35,43.25,-7.5,9.5,22.25,8.75,12,5.5
"6","Toulouse","Fiorentina","Ligue 1","Serie A","Alban Lafont",-22,-18,-4,-11,-5,6,-29,-61,-51,-26,-23,-19,-31,-17,0,-25,-18,-15,-34,-35,-6,-18,-17,-24,-49,-34
"7","Fiorentina","Nantes","Serie A","Ligue 1","Alban Lafont",10.25,8,-0.5,-9.75,-2.5,-13,20.25,26.75,48.5,28.5,6.5,9.5,-13,7.5,-7.25,10.25,7.75,-5,30.75,31.25,-8,14.75,29,11.25,19.5,1
"8","Cagliari","Monza","Serie A","Serie A","Alessio Cragno",-64.4,-64.2,-56,-25.8,-47,-23.2,-72.6,48,-19,-58.2,-76.2,-76.8,27.2,-59.4,-61.8,-65.4,-60.4,-78.8,-58.8,-40.8,-78.6,-66,-41.6,-41,60.2,64
"9","SPAL","Napoli","Serie A","Serie A","Alex Meret",9.6,4.6,-15.4,4.8,-7.8,-27.6,-1.2,-2.2,-43.4,-38.4,-20.4,-19.8,-0.200000000000003,8.4,18.8,-74.6,-71.6,-4,-65.2,-55.8,0.200000000000003,6.8,14,43.8,29.8,40.4
"10","Schalke 04","Bayern Munich","Bundesliga","Bundesliga","Alexander Nübel",-25.6666666666667,-32,-33.3333333333333,-8,-2.33333333333334,-12.6666666666667,-36.6666666666667,9.33333333333334,-11.6666666666667,-65.6666666666667,-42.6666666666667,-43.3333333333333,-21.6666666666667,-31,-34.6666666666667,-55.3333333333333,-56.6666666666667,-34,-65,-63.3333333333333,-31.6666666666667,-27,41.6666666666667,-34,-47.3333333333333,-59.3333333333333
"11","Bayern Munich","Monaco","Bundesliga","Ligue 1","Alexander Nübel",85,70.5,65.5,12,36.5,44,76,-37,6,51,75.5,72.5,35,69,89,33,33,75.5,47,45,68.5,67,-13.5,76,47.5,53
"12","Freiburg","Hertha BSC","Bundesliga","Bundesliga","Alexander Schwolow",-9.16666666666667,-2.83333333333333,7,16,-21.5,-15.3333333333333,-2.33333333333333,31.3333333333333,2.83333333333333,-3.83333333333334,-22.6666666666667,-25.8333333333333,8.66666666666666,-19.8333333333333,-0.833333333333329,-27.3333333333333,-30,-21.6666666666667,-30.5,-36.8333333333333,-14.1666666666667,-8.5,-4.33333333333334,6,19.3333333333333,10.6666666666667
"13","Hertha BSC","Schalke 04","Bundesliga","Bundesliga","Alexander Schwolow",-3.5,14.5,-8,0,17.5,0,8,0,-29.5,-28.5,16,15.5,1,1.5,-18.5,40,37,-9,22.5,28.5,-9.5,-16.5,-17,-3,4,3
"14","Strasbourg","Metz","Ligue 1","Ligue 1","Alexandre Oukidja",17.3333333333333,9.66666666666667,-1.33333333333333,8,28,21.3333333333333,7.66666666666667,-51.6666666666667,6.33333333333334,1.33333333333334,8.66666666666667,14,-22.6666666666667,15,30.6666666666667,-17,-8.33333333333333,22.3333333333333,-15,-11.3333333333333,26.6666666666667,37.6666666666667,25,38.3333333333333,40.6666666666667,24
"15","SPAL","Dijon","Serie A","Ligue 1","Alfred Gomis",-15,-26.5,-10,4.5,-40.5,7,-25.5,-22,8.5,16.5,-15.5,-19.5,6.5,-13.5,-15,-14,-8,-15.5,6,6.5,-15,11.5,48.5,-9,23.5,-9.5
"16","Dijon","Rennes","Ligue 1","Ligue 1","Alfred Gomis",17,11.5,18,-16.5,2,0,9.5,20.5,-19,-20.5,6,4.5,17.5,14.5,16,-27,-37.5,4.5,-6,-7.5,9,-6.5,-33,37,20.5,57.5
"17","Roma","Liverpool","Serie A","Premier League","Alisson",-8.8,1.8,-23.4,4.8,4.6,18,-5.8,33.6,-19.6,-14.8,-29.8,-19.4,-25.6,-4,-7.40000000000001,-18.4,-23,-17.8,-11.2,-17.8,-15.6,2.2,21.2,-1.8,-2.59999999999999,-2.2
"18","Paris S-G","Real Madrid","Ligue 1","La Liga","Alphonse Areola",-25,-11,9.33333333333334,-11,-8,-17.3333333333333,-14,-40.6666666666667,-29.3333333333333,-33,-6.33333333333333,-4.66666666666667,-10.6666666666667,-15,-23,4.66666666666667,6.66666666666667,-20.3333333333333,27.3333333333333,28.6666666666667,-18.6666666666667,-21.3333333333333,-9,-28.3333333333333,-8,-17.3333333333333
"19","Real Madrid","Fulham","La Liga","Premier League","Alphonse Areola",60,61,31,0,11,26,69,53,47,50,47,50,-33,42,57,29,13,54,11,-5,59,59,24,47,-14,-17
"20","Fulham","West Ham","Premier League","Premier League","Alphonse Areola",-70.5,-67,-48,0,-19.5,-26,-72.5,33.5,-26,3,-49.5,-49.5,-9,-55,-74.5,36,45.5,-58.5,3,5,-69.5,-62,3,-65.5,-34.5,-29.5
"21","Augsburg","Union Berlin","Bundesliga","Bundesliga","Andreas Luthe",31.3333333333333,38.5,38.1666666666667,-8,48.6666666666667,17.6666666666667,32.1666666666667,-21.8333333333333,-40.6666666666667,-16.6666666666667,41.1666666666667,43,3.5,41.8333333333333,29.3333333333333,6.33333333333334,2.5,34.1666666666667,23,14.5,31.1666666666667,39.5,12.3333333333333,30.1666666666667,0.166666666666664,4.83333333333333
"22","Leganés","Real Madrid","La Liga","La Liga","Andriy Lunin",-2,-3.5,-9.5,0,-8.5,13,-6.5,5.5,-20,-28.5,-17.5,-19,11,2,2.5,-72,-75,-2,-60.5,-63,1,5.5,30.5,5.5,26,-17
"23","Villarreal","Huesca","La Liga","La Liga","Andrés Fernández",21.6666666666667,17.3333333333333,17.3333333333333,24,14.6666666666667,17.3333333333333,16,12.6666666666667,-27,-9.33333333333334,23,25.3333333333333,-14,26.6666666666667,26.3333333333333,7,10.3333333333333,18.6666666666667,-11.6666666666667,-8,22,10.3333333333333,-15.3333333333333,17,-27.3333333333333,-12.3333333333333
"24","Southampton","Norwich City","Premier League","Premier League","Angus Gunn",-3,0,17,-12,5.5,0,2.5,15,11,4.5,-3,-9.5,29,2,12,-33,-41.5,0.5,-63,-66,3,-5,-15,4,18,16.5
"25","Bologna","Roma","Serie A","Serie A","Antonio Mirante",-38,-50.3333333333333,-16.3333333333333,-16,-39.6666666666667,-44,-42,-6.66666666666666,28.6666666666667,19,-59,-57.6666666666667,-8,-49.6666666666667,-35.3333333333333,-35.3333333333333,-36,-59.3333333333333,-39.6666666666667,-34.6666666666667,-59.6666666666667,-46,-14.3333333333333,-38,1.33333333333333,13
"26","Bournemouth","Everton","Premier League","Premier League","Asmir Begović",-61.5,-73.5,-24.5,-16.5,-43.5,-19,-68.5,-75.5,39.5,25.5,-58,-58,-25,-52.5,-74.5,8,9.5,-62.5,-10,-11,-62,-62,-13,-41,-5,-6.5
"27","Atlético Madrid","Huesca","La Liga","La Liga","Axel Werner",21,39,19,0,0,26,34,73,-56,-89,31,30,12,28,24,-7,-9,31,-11,7,21,-11,-67,0,-49,-30
"28","Huesca","Elche","La Liga","La Liga","Axel Werner",-14,-20,-19,0,28,-26,-22,0,19,-3,-29,-26,-12,-10,-7,-57,-38,-20,-82,-71,-15,11,33,0,12,37
"29","Dijon","Toulouse","Ligue 1","Ligue 1","Baptiste Reynet",-37,-14.5,-22,-9,-19,-18,-23.5,0,5,-13.5,-13,-11.5,-22,-32,-34,13,10,-12.5,14.5,11,-24.5,-40.5,-59,-25.5,-34.5,-10
"30","Toulouse","Nîmes","Ligue 1","Ligue 1","Baptiste Reynet",37,14.5,15,0,24,-26,22.5,17,-21,-3.5,9,12.5,-19,32,15,-13,-11,9.5,-0.5,-3,22.5,12.5,0,15.5,2.5,4
"31","Empoli","Fiorentina","Serie A","Serie A","Bartłomiej Drągowski",-1.2,-0.799999999999997,-14.2,16.2,-6,5.2,-4,38.4,-24.4,-26.4,1.8,-2.2,33.8,-2,-8.4,12.2,11.2,-10.2,3.2,-7.4,-6.6,-12,-14,-16.4,-38.2,-16
"32","Fiorentina","Spezia","Serie A","Serie A","Bartłomiej Drągowski",29.2,42.8,24.2,7.8,35,38.8,36,-24.4,-46.6,-18.6,27.2,35.2,-26.8,46,35.4,-8.2,-9.2,20.2,5.8,11.4,35.6,19,-7,31.4,7.2,8
"33","West Brom","Watford","Premier League","Premier League","Ben Foster",-6.66666666666667,1.66666666666667,37.6666666666667,-10.3333333333333,-11.3333333333333,0,3.66666666666667,-0.333333333333329,39.6666666666667,18,-5.66666666666667,-3,-23,4.33333333333333,9.66666666666666,-1,-3.66666666666667,-12.6666666666667,-5.33333333333333,-4.33333333333333,-7.33333333333333,-9.33333333333333,-17.6666666666667,20,44.3333333333333,42.3333333333333
"34","Leicester City","Huddersfield","Premier League","Premier League","Ben Hamer",9,17,26,33,17,26,17,-2,-14,-4,17,18,-7,12,-3,28,24,14,6,0,8,29,74,0,-43,-21
"35","Montpellier","Monaco","Ligue 1","Ligue 1","Benjamin Lecomte",-16,4.83333333333334,8.33333333333333,-4,-11.6666666666667,13.3333333333333,-5,-2.33333333333334,-55.8333333333333,-34,-17.5,-16.6666666666667,-15.8333333333333,-5.66666666666667,-10.5,-34.6666666666667,-34.5,-11.6666666666667,-17.1666666666667,-17,-11.3333333333333,-18.8333333333333,-29.8333333333333,25.1666666666667,46.1666666666667,53.1666666666667
"36","Monaco","Espanyol","Ligue 1","La Liga","Benjamin Lecomte",-25,-27.5,-55,-12,-6,0,-29,-18,-11.5,-23,-17.5,-20,29.5,-34,-37.5,50,51.5,-23,18.5,20,-23,-27.5,-18.5,-46.5,-21.5,-16.5
"37","Bordeaux","Auxerre","Ligue 1","Ligue 1","Benoît Costil",-28.8,-8,-11.6,-23.4,-21.6,-20.8,-13,38,-27.6,-25.6,-19.8,-24,14.4,-23,-18.6,-0.200000000000003,2,-34.2,11.2,12,-26.4,-34.6,-28,-31.2,-25.8,-19.2
"38","Leverkusen","Arsenal","Bundesliga","Premier League","Bernd Leno",-14.25,-11.25,-23,-27,-3.75,18,-4,-7.25,59,35,-37,-32.5,-26,-26,1,-29.5,-28.5,-16,-2,-7.75,0.25,-31.5,-40,-14,-8.75,-1.75
"39","Arsenal","Fulham","Premier League","Premier League","Bernd Leno",26.25,26.25,30,18,35.75,20,34,-1.75,29,20,17,17.5,5,31,19,-3.5,-0.5,13,-23,-21.25,12.75,35.5,37,24,20.75,9.75
"40","Strasbourg","Montpellier","Ligue 1","Ligue 1","Bingourou Kamara",-15.5,-15.5,-7.5,0,-12,-13,-12,0,13.5,-5.5,-28,-24,-40.5,-17,-19,-5.5,-8,-17.5,-48.5,-50,-18.5,-15,26.5,-13,-2.5,-5
"41","Hellas Verona","Cagliari","Serie A","Serie A","Boris Radunović",0,-6,-15,0,-17,0,1,-18,48,86,8,9,-5,6,0,21,19,9,-12,-28,9,11,13,0,0,16
"42","Caen","Lens","Ligue 1","Ligue 1","Brice Samba",31,-1,3,-18,34,7,0,-52,1.5,-13.5,11.5,13,-27.5,40.5,18.5,-41,-41.5,-4,-63.5,-63,8,30.5,9,44,12.5,28
"43","Hamburger SV","Nürnberg","Bundesliga","Bundesliga","Christian Mathenia",-3,4,-11,24,14,12,-9,-62,-50,-39,10,8,14,8,5,-7,-7,5,-4,-7,17,-27,-56,-14,-20,-52
"44","Benevento","Sampdoria","Serie A","Serie A","Christian Puggioni",-7,-15,-16,0,-22,0,-10,-30,54,53,-9,-8,-10,-7,-11,15,11,-9,-23,-9,-6,-19,-10,9,30,29
"45","Nantes","Lyon","Ligue 1","Ligue 1","Ciprian Tătărușanu",-59,-51.5,-26.5,0,-64.5,-13,-51.5,-38,11.5,-1,-67,-71,31.5,-46.5,-52,-42.5,-43,-77.5,-62,-57.5,-76,-51.5,27,-39,46.5,25
"46","Lyon","Milan","Ligue 1","Serie A","Ciprian Tătărușanu",12.3333333333333,20.6666666666667,29,11,31.3333333333333,17.3333333333333,19,36.3333333333333,-17.6666666666667,-24.6666666666667,14.6666666666667,19,-32.6666666666667,12.3333333333333,4.66666666666667,17.3333333333333,16.3333333333333,17.3333333333333,11,8.66666666666667,24.3333333333333,1.66666666666666,-48.3333333333333,-8.33333333333333,-74.3333333333333,-37.6666666666667
"47","Manchester City","Betis","Premier League","La Liga","Claudio Bravo",25.3333333333333,23.6666666666667,31,0,11.3333333333333,21.3333333333333,27.8333333333333,-30.3333333333333,27.1666666666667,26.3333333333333,38.1666666666667,41.5,-31,23.6666666666667,18.8333333333333,64.1666666666667,65.6666666666667,27.8333333333333,22.5,31.1666666666667,30.3333333333333,19.6666666666667,-25.5,22.1666666666667,-8.83333333333333,-15
"48","Inter","Udinese","Serie A","Serie A","Daniele Padelli",0,9,-19,0,-28,0,9,-3,-11,-23,14,12,10,4,3,30,-1,-2,34,32,0,-6,-24,0,0,13
"49","Brighton","West Brom","Premier League","Premier League","David Button",-17,-12,-34,0,17,0,-21,0,-17,-46,-15,-16,-1,-15,-17,-9,-12,-16,3,-1,-12,-22,-56,-13,-13,-39
"50","Arsenal","Napoli","Premier League","Serie A","David Ospina",25.5,26.75,29.25,12,26.5,6.5,30.75,24,3.5,17,18.25,14.75,36.25,28,19.5,-2,-4.75,19.25,-57.75,-48,16.25,19.5,-10.25,19,-39,18.5
"51","Sevilla","Getafe","La Liga","La Liga","David Soria",42.6,25.6,20,4.8,27.2,10.8,29.6,-16.8,35,20,51.4,56,-24,33.4,-3.6,64.8,63.6,39.6,33.8,28.2,31.4,20.6,-16.4,42,25.2,34.8
"52","Sheffield Utd","Manchester Utd","Premier League","Premier League","Dean Henderson",-45,-26,-19,0,21,0,-38,-61,-51,-36,-65,-62,-16,-33,-15,-72,-73,-39,-84,-87,-49,-27,24,-7,51,57
"53","Manchester Utd","Nott'ham Forest","Premier League","Premier League","Dean Henderson",8,23,34,24,9,0,19,40,-31,-23,31,29,21,17,16,44,45,12,37,39,13,27,18,13,0,-17
"54","Espanyol","Rayo Vallecano","La Liga","La Liga","Diego López",-65.5,-58.5,-48.5,-9,-13.5,-38,-72,-17.75,-43.75,-69.5,-67.75,-69.75,-33.5,-62.25,-58.5,-35.5,-40.25,-73,-50.25,-36,-73.5,-64.5,-40.5,-42.75,49,42.75
"55","Brest","Auxerre","Ligue 1","Ligue 1","Donovan Léon",7,-5,0,0,0,0,-11,-69,-20,-45,11,14,-33,6,0,29,24,14,38,44,4,-17,-70,13,50,34
"56","Reims","Rennes","Ligue 1","Ligue 1","Edouard Mendy",-64.5,-50.5,-45.5,-12,-14.5,-25,-58,18,-22.5,-27,-49.5,-56.5,34,-46,-43,-19,-34.5,-60,-45,-48.5,-67,-37.5,3.5,-36,-7,-14
"57","Rennes","Chelsea","Ligue 1","Premier League","Edouard Mendy",28.1666666666667,24.5,10.5,-4,13.8333333333333,4.33333333333333,22.6666666666667,-16,-41.8333333333333,-12,0.5,6.83333333333334,-41.3333333333333,29.3333333333333,33,-44,-38.5,21.6666666666667,-12.6666666666667,-17.1666666666667,22,17.5,24.5,33.3333333333333,33.6666666666667,32
"58","Metz","Strasbourg","Ligue 1","Ligue 1","Eiji Kawashima",-38.3333333333333,-74.6666666666667,15,-16,-59,-26,-76,-61.3333333333333,35.3333333333333,26,-49.3333333333333,-56.6666666666667,43.3333333333333,-40.3333333333333,-50.3333333333333,-33,-32.3333333333333,-46.6666666666667,-24.6666666666667,-29.3333333333333,-44.6666666666667,-10,53,-59.6666666666667,-54.6666666666667,-48.6666666666667
"59","Getafe","Arsenal","La Liga","Premier League","Emiliano Martínez",6,3,0,0,11,0,9,-26,39,53,-9,-4,-40,12,22,-70,-70,3,-61,-63,8,11,2,4,-8,30
"60","Arsenal","Aston Villa","Premier League","Premier League","Emiliano Martínez",53.6666666666667,46.6666666666667,38,30,17.6666666666667,36.6666666666667,41.6666666666667,-7.66666666666667,-23,-29,50,46.3333333333333,37,49.3333333333333,41,23.3333333333333,19,43,3.33333333333334,2,47.6666666666667,50,15,56.3333333333333,44.3333333333333,27.6666666666667
"61","Sampdoria","SPAL","Serie A","Serie A","Emiliano Viviano",-14,-27,21,-24,-30,-38,-25,-34,-13,-10,-17,-19,11,-12,-13,-4,-6,-16,-14,-20,-23,-20,-12,-19,-12,-11
"62","Atalanta","SPAL","Serie A","Serie A","Etrit Berisha",0.5,21,46,-4.5,-15,16,30,-17,58.5,38.5,8,9,-11,9.5,5,19.5,9,12,-32,-26.5,13.5,-1.5,-19,-2,-9.5,0
"63","SPAL","Torino","Serie A","Serie A","Etrit Berisha",-21,-49,-31,-24,-28,-38,-49,-42,-5,7,-33,-23,-61,-23,-40,22,30,-35,39,42,-31,-13,26,-19,16,4
"64","Nürnberg","Stuttgart","Bundesliga","Bundesliga","Fabian Bredlow",-14.3333333333333,-27,20.3333333333333,0,9,8.66666666666666,-19,-35,47.3333333333333,50,-22.3333333333333,-26.6666666666667,29.6666666666667,-16.3333333333333,-9,-29.6666666666667,-24.3333333333333,-20.3333333333333,-27.6666666666667,-35,-11.3333333333333,14,35,-12.6666666666667,0.333333333333336,20.6666666666667
"65","Fulham","Mallorca","Premier League","La Liga","Fabricio",-7,-7,19,-24,17,0,-9,6,0,-11,-12,-9,-24,-10,-12,3,14,-6,-27,-12,-15,-17,-72,-18,-72,-38
"66","Genoa","Spezia","Serie A","Serie A","Federico Marchetti",-26.5,-22.5,0,0,-17,-13,-22.5,1,22,-5.5,-20,-21,26.5,-25,-20,-28.5,-25,-20,-11.5,-18.5,-23.5,-5.5,-4.5,-19,-7.5,20
"67","Alavés","Almería","La Liga","La Liga","Fernando Pacheco",-70.8,-73.2,-61.8,-20.6,-31.6,-15.2,-76.6,23,11.6,-35.2,-88.8,-83.8,-75,-57.8,-42.4,-29.2,-6.40000000000001,-89.8,-67.6,-49.4,-78.4,-47.4,43.2,-51.8,47.6,4.4
"68","Almería","Espanyol","La Liga","La Liga","Fernando Pacheco",37,51,55,0,22,0,45,-51,-46,1,57,48,82,41,30,0,-21,50,54,41,41,45,2,38,-25,-10
"69","Mainz 05","Freiburg","Bundesliga","Bundesliga","Florian Müller",26.3333333333333,29.3333333333333,7.66666666666666,21.3333333333333,3,38,34,-9,48.3333333333333,32,27.3333333333333,34,-14.6666666666667,48,31.6666666666667,-11,-10.6666666666667,37,-2.33333333333333,8,23,-1.66666666666666,-27,31,6.66666666666666,19
"70","Freiburg","Stuttgart","Bundesliga","Bundesliga","Florian Müller",-10,-5,3,-4.5,9.5,-25,-14,18,-69,-41.5,-21,-35,58.5,-28.5,-10.5,-21.5,-31.5,-22,-52.5,-61.5,-6.5,11.5,17.5,-4.5,7.5,-6
"71","Frosinone","Bologna","Serie A","Serie A","Francesco Bardi",-5,-12,0,-24,0,0,-4,-10,33,79,-11,-11,-16,-7,-13,-19,-19,-2,-47,-53,-5,-5,-1,0,0,-1
"72","Southampton","Tottenham","Premier League","Premier League","Fraser Forster",7,5,17,18,23.25,-9.5,7.75,36,-12.75,-0.75,-3.25,-6.5,-0.5,7.25,15,-52.5,-52.25,6.5,-40.25,-44.75,9,-5.25,-20.5,9.75,17.5,29.25
"73","Eint Frankfurt","Schalke 04","Bundesliga","Bundesliga","Frederik Rønnow",15.5,28.5,38,0,58,38,26.5,27.5,-16,-29,0,3.5,-40.5,14,27,-63,-58.5,19,-37.5,-39.5,15.5,18,18,22.5,31,7
"74","Schalke 04","Union Berlin","Bundesliga","Bundesliga","Frederik Rønnow",10.5,-10,-24.5,0,-29,-25,-5.5,-24.5,20.5,14.5,25.5,26,-0.5,23.5,0,44.5,37.5,-0.5,23.5,27,14.5,29.5,19.5,1,-31.5,-27
"75","Real Sociedad","Montpellier","La Liga","Ligue 1","Gerónimo Rulli",-3,-19.5,0.5,-4.5,-37.5,-6,-8.5,-49.5,71.5,43,10,-4.5,45.5,-21,16,13,9.5,4,-4.5,-3.5,-1.5,-10.5,-17.5,-10,-10.5,2
"76","Montpellier","Villarreal","Ligue 1","La Liga","Gerónimo Rulli",-13.3333333333333,-17.3333333333333,-30,-24,-13,-17.3333333333333,-20,35.6666666666667,-18.6666666666667,-23.6666666666667,-39.3333333333333,-26,-32,-8.33333333333334,-26.6666666666667,-30.6666666666667,-28.6666666666667,-22.3333333333333,-24.6666666666667,-19,-14.3333333333333,-7,8,-14.3333333333333,-1,-11.3333333333333
"77","Paris S-G","Juventus","Ligue 1","Serie A","Gianluigi Buffon",-7.66666666666666,-10.6666666666667,13.6666666666667,-16,-18.6666666666667,-31.3333333333333,-11,-16.6666666666667,-24.6666666666667,-23.3333333333333,6.33333333333334,4.33333333333333,17,-1.66666666666666,-6.33333333333334,11.3333333333333,14.6666666666667,-5.33333333333334,2,-3,-1.33333333333334,1.33333333333333,5.66666666666667,-9,1.33333333333334,-25.6666666666667
"78","Milan","Paris S-G","Serie A","Ligue 1","Gianluigi Donnarumma",-18,-15.25,-15.5,-2.25,-15.75,0,-10,5.25,37.5,18.75,-39.75,-34.5,-22,-29.5,-12.5,-20.25,-16.75,-26,-24.5,-22,-28.5,-4,33,-5.5,9.5,11
"79","Augsburg","Hoffenheim","Bundesliga","Bundesliga","Gregor Kobel",-36,-69,0,-24,-58,-26,-57,-91,64,83,-26,-33,67,-36,-44,38,49,-45,55,44,-36,-31,3,-33,32,10
"80","Hoffenheim","Stuttgart","Bundesliga","Bundesliga","Gregor Kobel",65,84,42,24,39,26,84,63,-20,-41,42,43,-35,75,92,-64,-78,85,-93,-91,65,48,-16,67,-22,4
"81","Stuttgart","Dortmund","Bundesliga","Bundesliga","Gregor Kobel",-12,-24.5,-29,-7.5,19,6,-25,8.5,26,13,-11,-7.5,-20.5,-9,-24,-10.5,0.5,-25,15.5,19,-19,-2.5,18.5,0,9.5,7
"82","Cagliari","Empoli","Serie A","Serie A","Guglielmo Vicario",55.5,56.5,58,12,35,36,61,35.5,36.5,44.5,36.5,47,-65.5,70,62,-22.5,-22.5,46,-55,-46.5,65.5,73,58,67,39,32
"83","Genoa","Inter","Serie A","Serie A","Ionuț Radu",-51.5,-64.5,-63,-16.5,-58.5,-26,-67,6.5,7.5,-32.5,-62,-66,9.5,-49,-45.5,-36,-39.5,-67.5,-42,-44.5,-61,-43.5,-20.5,-23,59,42.5
"84","Inter","Auxerre","Serie A","Ligue 1","Ionuț Radu",36.5,32.5,0,0,0,26,40,-19,36,68.5,54,61,-24,41.5,32.5,56.5,62,43,72.5,69.5,44,49,49,24.5,-41,-32.5
"85","Auxerre","Cremonese","Ligue 1","Serie A","Ionuț Radu",-10,2,45,0,39,-26,2,34,-3,4,-22,-23,-15,-10,-10,-24,-19,-11,-40,-21,-17,-17,9,-5,24,29
"86","Empoli","Spezia","Serie A","Serie A","Ivan Provedel",20,23,23,29.5,0,-4,29,13.5,12.5,21,35.5,40,-19,46,12,11.5,13.5,16,16.5,20.5,14.5,12,1.5,42,41,27
"87","Spezia","Lazio","Serie A","Serie A","Ivan Provedel",20,-32,-49,-29.5,9,4,-26,-21.5,65.5,32,-10.5,-19,33,2,12,-30.5,-27.5,0,-31.5,-37.5,12.5,7,-3.5,14,16,27
"88","Lille","Atlético Madrid","Ligue 1","La Liga","Ivo Grbić",-17,-20,11,-24,-9,-26,-14,-22,42,28,-16,-14,-26,-12,-13,-10,-8,-15,11,14,-11,14,32,-13,10,-13
"89","Stoke City","Crystal Palace","Premier League","Premier League","Jack Butland",-60.5,-71,-61,12,-62.5,-19,-77,-21.5,-46.5,-55.5,-80,-76,-50.5,-67.5,-40.5,-33.5,-37,-75.5,-25,-32,-73,-46.5,32.5,-58.5,4,12.5
"90","Barcelona","Valencia","La Liga","La Liga","Jasper Cillessen",31.3333333333333,36,38.8333333333333,19,22,21.3333333333333,41.1666666666667,29.6666666666667,22.1666666666667,49.6666666666667,43.6666666666667,46.3333333333333,-4.16666666666666,31.8333333333333,36.3333333333333,60.1666666666667,60.8333333333333,34.8333333333333,55.8333333333333,58,39.3333333333333,28.6666666666667,11.3333333333333,27.3333333333333,-6.33333333333334,33.3333333333333
"91","Saint-Étienne","Troyes","Ligue 1","Ligue 1","Jessy Moulin",1,-2.75,7,9.25,-3,-16,-1.75,-8.25,-5.75,-20.5,3.75,3.5,6.25,0.75,-1,4,3.75,7,-17.25,-25.25,2.25,16.5,41.75,20,59.75,0.25
"92","West Ham","Burnley","Premier League","Premier League","Joe Hart",0,3,-36,24,14,26,6,-10,8,9,7,3,18,-1,-1,1,0,5,-1,-1,3,7,4,6,12,4
"93","Betis","Leeds United","La Liga","Premier League","Joel Robles",-23.3333333333333,-18.3333333333333,-14.6666666666667,-16,-35,-21.3333333333333,-18.3333333333333,31.3333333333333,-9,-22.6666666666667,-23.3333333333333,-21.3333333333333,-31.6666666666667,-30.3333333333333,-25.3333333333333,34,39.6666666666667,-22,41.6666666666667,35.3333333333333,-28.3333333333333,-15.6666666666667,21,-47,-49.6666666666667,-71.6666666666667
"94","Huddersfield","Brentford","Premier League","Premier League","Jonas Lössl",-66,-68.5,-55,-12,-63,-13,-67,37,25.5,-21,-79.5,-78,-30.5,-72,-47.5,-20.5,-31,-68,-63,-69,-55,-66,-43.5,-51.5,33,50.5
"95","Montpellier","M'Gladbach","Ligue 1","Bundesliga","Jonas Omlin",-12.6666666666667,-28.3333333333333,-20,0,-31.3333333333333,-34,-30,22.6666666666667,-11,-8,-21.6666666666667,-15.6666666666667,-33.6666666666667,-1.33333333333334,-27,-23.3333333333333,-20.6666666666667,-22,-28.6666666666667,-26.6666666666667,-18.3333333333333,-15.6666666666667,3,2.33333333333334,35,24.3333333333333
"96","Udinese","Atalanta","Serie A","Serie A","Juan Musso",-18.3333333333333,-18,-31.1666666666667,-22,-13.1666666666667,32.3333333333333,-27.8333333333333,16.5,-48.3333333333333,-25.5,-17.3333333333333,-15,-12.5,-4.16666666666667,5.16666666666667,-24.5,-17.5,-29.8333333333333,15.1666666666667,27,-36.8333333333333,-4.66666666666667,31,23.6666666666667,45.3333333333333,51.3333333333333
"97","Sevilla","Leganés","La Liga","La Liga","Juan Soriano",13,31,42,24,0,26,22,34,-42,-55,11,11,1,9,12,0,4,12,3,18,10,23,57,-10,-80,-39
"98","Hamburger SV","Lyon","Bundesliga","Ligue 1","Julian Pollersbeck",-11,-13,55,-24,0,0,-11,-85,10,22,-19,-24,31,-23,-11,-18,-26,-9,-18,-29,-13,-45,-77,-17,-3,21
"99","SPAL","Sampdoria","Serie A","Serie A","Karlo Letica",-29,-55,0,-33,-17,-26,-45,-43,61,83,-39,-40,-35,-28,-30,-60,-58,-42,-44,-32,-33,-29,-21,-11,47,4
"100","Leicester City","Nice","Premier League","Ligue 1","Kasper Schmeichel",-8.8,-19.6,-9.59999999999999,21.2,-7.8,-25.6,-16,-29,26.4,15.6,-9.40000000000001,-15,17,-5.8,-14,-21.8,-20.8,2.40000000000001,-27.4,-28.4,-11,12.6,24.4,-11.8,-18,-20.6
"101","Athletic Club","Chelsea","La Liga","Premier League","Kepa Arrizabalaga",-10,-26.2,-0.799999999999997,-23.6,-18.6,-27.6,-31.2,-7.8,-38.8,-18,-56.8,-51.6,-50.6,-15.6,-1.2,-74.4,-74.8,-15.8,-63.2,-72.2,-20.6,-30,-17.6,-1.8,23.8,28.4
"102","Paris S-G","Eint Frankfurt","Ligue 1","Bundesliga","Kevin Trapp",42.8,61.6,2.40000000000001,19.2,52.4,30.8,55,61.2,-45.6,-46,67,73.8,-47.8,60.2,42.2,55.6,49.4,51,38.2,40,39.8,33,-24.2,49.4,-2.8,-3
"103","Real Madrid","Paris S-G","La Liga","Ligue 1","Keylor Navas",6.16666666666666,-2,0.666666666666664,0,-26.8333333333333,-4.33333333333334,-2,-36.8333333333333,-8.5,-10.3333333333333,-3.83333333333334,-6.83333333333334,25.1666666666667,4.16666666666666,-0.833333333333336,-8.66666666666667,-18.3333333333333,7.5,-31.1666666666667,-43.8333333333333,4.5,-21,-36.8333333333333,-9.83333333333334,-37,-19.5
"104","Paris S-G","Nott'ham Forest","Ligue 1","Premier League","Keylor Navas",-7.66666666666666,19,37.3333333333333,24,20.3333333333333,-8.66666666666666,11,49.3333333333333,-55,-39.6666666666667,21.3333333333333,27.3333333333333,-40.6666666666667,-4.66666666666666,-11.6666666666667,77.6666666666667,74.3333333333333,1,61.6666666666667,54.3333333333333,5,34,40.3333333333333,-15.6666666666667,-15,-55
"105","Real Madrid","Leeds United","La Liga","Premier League","Kiko Casilla",-17,-23,0,0,-17,-26,-17,-12,7,25,-23,-22,-27,-14,-14,-12,-25,-12,-24,-33,-19,0,59,-18,-8,-26
"106","Leeds United","Elche","Premier League","La Liga","Kiko Casilla",23,30,0,0,17,0,25,-17,-13,-32,38,40,-6,24,23,58,57,24,32,32,31,11,-55,38,48,51
"107","Las Palmas","Getafe","La Liga","La Liga","Leandro Chichizola",-52,-76,-45,-24,-49,-26,-89,13,-43,-72,-57,-62,6,-78,-84,56,52,-72,57,43,-64,-72,-65,-88,-85,-15
"108","Leverkusen","Union Berlin","Bundesliga","Bundesliga","Lennart Grill",10.5,14.5,34,0,17,-13,12.5,-29,-44.5,-79.5,27.5,24,56.5,15,10.5,53.5,54,1,48.5,55.5,10,30.5,79.5,14,28,9
"109","Benevento","Hellas Verona","Serie A","Serie A","Lorenzo Montipò",-8.5,-9.5,-38,24,-12.5,-5,-17.5,-41,-2.5,-6,5.5,3.5,18.5,-13,-22.5,26.5,26.5,-5.5,17.5,18,-14.5,9,23.5,18.5,32,32
"110","Liverpool","Union Berlin","Premier League","Bundesliga","Loris Karius",-28,-32,-34,0,-28,26,-35,0,27,38,-21,-25,10,-33,-44,41,44,-25,28,23,-23,-25,-9,-65,-75,-81
"111","Real Madrid","Rayo Vallecano","La Liga","La Liga","Luca Zidane",23,26,0,0,8.5,0,26.5,-12.5,-12,11,35,33,57,26.5,31.5,39.5,41.5,23.5,39,40.5,30.5,30.5,39,19.5,-7,-40
"112","Napoli","Parma","Serie A","Serie A","Luigi Sepe",76.3333333333333,92.3333333333333,56.3333333333333,16,71.6666666666667,30,93.3333333333333,-53.3333333333333,-19.6666666666667,-49,88.3333333333333,85,-7.33333333333333,78.3333333333333,74.6666666666667,56.3333333333333,57.6666666666667,91.3333333333333,17,10,97,52,-61.3333333333333,45,10.6666666666667,-20
"113","Parma","Salernitana","Serie A","Serie A","Luigi Sepe",-38.8333333333333,-42.8333333333333,-6.33333333333333,-16,-63.1666666666667,-30,-39.8333333333333,5.83333333333334,29.1666666666667,28,-30.8333333333333,-28,-34.1666666666667,-27.3333333333333,-30.6666666666667,8.16666666666666,5.83333333333334,-41.8333333333333,3.5,9,-49.5,-20,30.3333333333333,-4,21.8333333333333,36
"114","Eint Frankfurt","Leverkusen","Bundesliga","Bundesliga","Lukáš Hrádecký",-7.40000000000001,-4.8,6,-5.40000000000001,-19.6,-15.2,-3.2,-15.6,7.2,0,-21.6,-18.2,-23.6,0.799999999999997,2,-36.4,-33.8,-10,-47,-55,-15.2,-27.8,-37.4,-7.2,-11.2,14.6
"115","Guingamp","Metz","Ligue 1","Ligue 1","Marc-Aurèle Caillard",-16,-19,20.5,-12,-5,0,-16,-30.5,9.5,-9.5,-33.5,-28.5,-29.5,-15,-3,-46.5,-42.5,-17.5,-11.5,-5.5,-14,-24.5,-24.5,5,20.5,30
"116","Paris S-G","Nice","Ligue 1","Ligue 1","Marcin Bułka",3.5,2.5,0,0,0,0,5.5,-3,4,1.5,4.5,6,-49.5,0,-2,5.5,5.5,12,-13,2,6,14,75.5,-0.5,-23,-19.5
"117","Hellas Verona","Udinese","Serie A","Serie A","Marco Silvestri",27.5,24,18.6666666666667,0.5,-3.66666666666667,10.6666666666667,26.6666666666667,53.5,6.5,16.3333333333333,11.6666666666667,3.33333333333333,18.1666666666667,25.3333333333333,28,-17,-19.1666666666667,16.6666666666667,-53.8333333333333,-51,20.6666666666667,18.8333333333333,9.66666666666667,12.1666666666667,0.666666666666668,2.16666666666667
"118","Fiorentina","Frosinone","Serie A","Serie A","Marco Sportiello",-1,28,27,0,22,26,25,-8,-35,-28,7,17,-35,12,2,9,17,14,21,27,9,-15,-38,-4,-3,22
"119","Frosinone","Atalanta","Serie A","Serie A","Marco Sportiello",-46,-62.5,-43,-27,-52.75,-26,-60.75,16.75,42.75,25.25,-51,-55.75,6.25,-46,-55,-37.75,-38.5,-66,-1,-7.75,-61,-33.5,26,-11.5,45.25,23.75
"120","Eibar","Sevilla","La Liga","La Liga","Marko Dmitrović",-39.25,-50,-50,-24.75,-27,-4.5,-48.5,-67.25,32.75,6,-50.5,-51.25,5.75,-34.5,-19.25,-44.25,-41.75,-31.25,-44.5,-40.5,-25.25,-27,7,-52.75,-27,-35
"121","Augsburg","Dortmund","Bundesliga","Bundesliga","Marwin Hitz",-43.75,-49.5,-2,-33,-62.25,6.5,-51.75,39.25,-10.25,-18,-67.75,-63.25,-27.5,-52,-50.25,-51.5,-49.75,-55.25,-27,-20,-47.75,-60,-33.75,-22.75,38.25,24
"122","Brighton","Arsenal","Premier League","Premier League","Mathew Ryan",-57,-67.25,-25.5,-12,-60,-27.5,-58,-8.5,53,57.5,-72.5,-72,6.75,-52,-40.5,-54,-51,-69.25,-41.5,-41.75,-61,-28.5,46.5,-20,54,32
"123","Arsenal","Real Sociedad","Premier League","La Liga","Mathew Ryan",0,12,0,0,39,0,2,-37,-37,-78,17,24,-62,6,-4,69,74,10,46,44,10,-10,-34,-4,-15,-9
"124","Genoa","Juventus","Serie A","Serie A","Mattia Perin",-38.3333333333333,-45.3333333333333,-34.6666666666667,-16,-24.6666666666667,-25.3333333333333,-46.6666666666667,4.66666666666666,1.33333333333334,2,-51,-52.6666666666667,4,-40.3333333333333,-31.6666666666667,-50,-50,-50,-31,-28,-44.6666666666667,-48,-33.6666666666667,-24,12.3333333333333,3
"125","Nantes","Toulouse","Ligue 1","Ligue 1","Maxime Dupé",67.5,62.5,28.5,16.5,57,44,67.5,14,16.5,45.5,36.5,36.5,-13,70.5,66,-68,-61.5,56,-63,-63,57.5,52,-1,31,-39.5,-36
"126","Hannover 96","Bochum","Bundesliga","Bundesliga","Michael Esser",-25,-35.5,3.5,-12,-19.5,-13,-31,18,59.5,75,-34,-28,-69.5,-29.5,-33.5,-5.5,0.5,-31,31.5,21.5,-33.5,-43.5,-57,-41,-49.5,-31.5
"127","Lille","Milan","Ligue 1","Serie A","Mike Maignan",-21,-18,-12,-6,-2,-17,-18,-4.25,0,-0.75,-7.5,-15.5,34.5,5.5,-13.25,-17.5,-12.75,-32.25,-36,-40.5,-20.5,-7,18,-2.5,11.5,3.75
"128","Valencia","Barcelona","La Liga","La Liga","Neto",-53.5,-44,-45.1666666666667,-20.5,-42.1666666666667,-19,-58.3333333333333,20.3333333333333,-33.8333333333333,-31,-56.6666666666667,-65.6666666666667,52.5,-31.3333333333333,-56.3333333333333,-60.3333333333333,-63.3333333333333,-62.3333333333333,-74.3333333333333,-79.3333333333333,-68.6666666666667,-45.6666666666667,-1.66666666666667,-12.3333333333333,62.8333333333333,53.8333333333333
"129","Barcelona","Bournemouth","La Liga","Premier League","Neto",36,51,43.6666666666667,-8,59.6666666666667,26,54.3333333333333,-21.3333333333333,17.3333333333333,11,55.6666666666667,59.6666666666667,-37,33.3333333333333,49.3333333333333,58.3333333333333,54.3333333333333,49.3333333333333,54.3333333333333,43.3333333333333,63.6666666666667,74.6666666666667,53.6666666666667,36.3333333333333,-27.3333333333333,-47.3333333333333
"130","Burnley","Newcastle Utd","Premier League","Premier League","Nick Pope",2.75,-14,-17.5,-6,16.25,0,-19,-12.25,5.5,-3.5,-33.25,-30,-13.75,-12.75,20.25,-57.5,-57,-21,-26.75,-25.75,-24,-2.25,4.25,4.5,12.75,23.5
"131","Hellas Verona","Udinese","Serie A","Serie A","Nícolas Andrade",-70,-74,-65,-36,-72,-38,-78,69,26,-28,-86,-89,28,-83,-87,-60,-63,-90,-34,-35,-86,-87,-70,-71,-38,-17
"132","Levante","Espanyol","La Liga","La Liga","Oier Olazábal",-43,-67.5,-48.5,-12,-44,-35,-66,-47.5,-8.5,21.5,-54.5,-56.5,-6.5,-35.5,-37.5,-34,-30.5,-60.5,-0.5,-5,-52,-38.5,39.5,-50.5,-30.5,-38
"133","Watford","Napoli","Premier League","Serie A","Orestis Karnezis",-8,-20,-26,0,-28,0,-15,-39,62,60,-30,-26,-39,-10,3,-59,-62,-4,-42,-33,-8,-17,-25,-6,4,10
"134","Espanyol","Betis","La Liga","La Liga","Pau López",11,23,0,9,10,0,15,34,-59,-33,-22,-25,10,33,16,-70,-75,3,-62,-62,-2,-6,-7,25,33,34
"135","Betis","Roma","La Liga","Serie A","Pau López",-13,-14,12.5,-9,-19,22,-16.5,-34,12,3,-2,-5,10.5,-24,-13,11,15,-21.5,0,-4,-16.5,-35.5,-36,-8.5,1.5,20
"136","Roma","Marseille","Serie A","Ligue 1","Pau López",7,-7.5,0.5,-24,9,-9,-5.5,4.5,13,5.5,-1.5,4.5,-33.5,24,-1,-8.5,-6.5,1,5,4.5,5,30,43.5,5,-2.5,-14.5
"137","Nîmes","Angers","Ligue 1","Ligue 1","Paul Bernardoni",-9.83333333333333,-3.5,6,19,22.8333333333333,-2.66666666666667,-2.83333333333333,15.1666666666667,-34.5,-19.1666666666667,-22.6666666666667,-22.6666666666667,5.66666666666666,-13.3333333333333,6,-35,-26.1666666666667,-11.5,-28.6666666666667,-26.3333333333333,-3.66666666666667,4.83333333333333,10,-20.6666666666667,-15.1666666666667,-41.6666666666667
"138","Angers","Saint-Étienne","Ligue 1","Ligue 1","Paul Bernardoni",-16.6666666666667,-10,0,5,-3.33333333333333,14.6666666666667,-14.6666666666667,-8.66666666666667,3,-1.33333333333333,-2.33333333333334,1.66666666666666,-25.6666666666667,-1.66666666666666,-7,27,17.6666666666667,-13,21.6666666666667,16.3333333333333,-19.3333333333333,-3.33333333333333,24,40.6666666666667,59.6666666666667,71.6666666666667
"139","Tottenham","Elche","Premier League","La Liga","Paulo Gazzaniga",8,10,4,-8,29.6666666666667,17.3333333333333,2.33333333333333,-21.6666666666667,-29,-50.3333333333333,18.3333333333333,15.3333333333333,18.3333333333333,9.66666666666667,5,47.6666666666667,60,8.33333333333333,33.6666666666667,43.3333333333333,7.33333333333333,-5.66666666666666,-40.3333333333333,-4,-31.3333333333333,-22.6666666666667
"140","Elche","Girona","La Liga","La Liga","Paulo Gazzaniga",27,34,36,0,10,-26,54,63,67,65,26,29,-13,38,43,-49,-55,38,-29,-33,44,67,66,53,53,29
"141","Napoli","Milan","Serie A","Serie A","Pepe Reina",-75,-41.5,-24.5,-21,-39,0,-37.5,-17.5,36,14.5,-52,-47,-12.5,-71,-70.5,13.5,20.5,-61,32.5,21,-45.5,-15,69.5,-75,-23,-72
"142","Milan","Aston Villa","Serie A","Premier League","Pepe Reina",24,29.5,24.5,-12,28,0,24.5,0.5,-49,-48.5,36,32,21.5,26,23.5,38.5,21.5,29,-2.5,-4,25.5,15,-34.5,30,8,54
"143","Aston Villa","Lazio","Premier League","Serie A","Pepe Reina",15,20.5,28.5,0,17.5,19,20,48.5,11.5,20.5,1,0.5,-2,27,17,-52.5,-41,5,-40,-33,12.5,4.5,-13,-2,-37,-29
"144","Lazio","Villarreal","Serie A","La Liga","Pepe Reina",-1,-11.5,-7.5,0,-6.5,7,-3,2.5,66.5,46.5,-11,-0.5,-69,-2,4,-5.5,-7,-1,11,15,3.5,13.5,13,11,18,12
"145","Atalanta","Fiorentina","Serie A","Serie A","Pierluigi Gollini",-31.25,-36.75,-41.25,-16.5,-13.5,-17.5,-39,-49.25,-3.25,-23.25,-31.5,-27.25,-32.5,-24.5,-29.75,-5.25,-1.25,-38.75,-0.25,-0.5,-33.25,-14.75,29.25,-65,-63,-76.5
"146","Fiorentina","Napoli","Serie A","Serie A","Pierluigi Gollini",5,9,0,0,0,0,6,-5,-15,-22,1,-1,39,2,4,-10,-14,15,-41,-48,12,6,-8,18,30,84
"147","Empoli","Fiorentina","Serie A","Serie A","Pietro Terracciano",6.4,7.8,28.8,0,-0.200000000000003,-5.59999999999999,4.6,-15.6,-23.4,-19,14.4,14.2,0.600000000000001,16,8,12.6,20,1,31.6,23.8,1.2,24.4,46,27.8,49,45.4
"148","Reims","Mallorca","Ligue 1","La Liga","Predrag Rajković",4.66666666666667,3.66666666666667,20,-19,-16.6666666666667,-8.66666666666666,0,-1.33333333333334,-28.6666666666667,-14.6666666666667,25,17,48.3333333333333,-1.66666666666667,-14.6666666666667,45.3333333333333,42,9.66666666666667,33,33.3333333333333,10.6666666666667,13,8,-19.3333333333333,-31.3333333333333,-27.3333333333333
"149","Cagliari","Spezia","Serie A","Serie A","Rafael",-15.5,-11,-26.5,0,-19.5,0,-8,10.5,27,49.5,-19,-16,-44,-5,-10,-39,-36,-20,-36,-31,-17,-12.5,-3,-5,24.5,19.5
"150","Freiburg","Union Berlin","Bundesliga","Bundesliga","Rafał Gikiewicz",63,74,45,0,68,26,81,54,-21,34,67,69,-8,77,54,-9,-14,63,-17,-14,66,65,18,69,39,-16
"151","Union Berlin","Augsburg","Bundesliga","Bundesliga","Rafał Gikiewicz",-3.33333333333333,-5.33333333333333,3.33333333333333,16,-33,1.33333333333333,-1.33333333333333,-7,47,23.3333333333333,-14.6666666666667,-12.6666666666667,-29.6666666666667,-4.66666666666667,14,-36.6666666666667,-35.3333333333333,1,-27.6666666666667,-27.3333333333333,-3.66666666666667,-7.33333333333333,-13,4.66666666666667,12.6666666666667,36.6666666666667
"152","Málaga","Alavés","La Liga","La Liga","Roberto",-44,-44,-10,-24,-22,0,-50,-5,-19,-3,-43,-47,25,-34,-38,5,5,-50,1,6,-46,-57,-45,-34,-13,-3
"153","Alavés","West Ham","La Liga","Premier League","Roberto",-3,-2,-26,24,11,26,-2,3,7,9,-11,-5,-63,2,13,-7,-8,-7,-3,-9,-1,-22,-17,17,59,44
"154","West Ham","Valladolid","Premier League","La Liga","Roberto",10,0,15,-24,0,-26,-3,-17,-54,-55,12,16,2,8,6,1,3,16,-8,0,12,11,0,0,-33,-15
"155","Roma","Cagliari","Serie A","Serie A","Robin Olsen",-14,-27,0,0,-41,12,-20,-25,62,38,-17,-9,-41,-18,-37,37,37,-14,1,-9,-16,-6,3,-36,-37,-47
"156","Cagliari","Everton","Serie A","Premier League","Robin Olsen",-15,-17,-36,0,-17,-38,-16,51,-7,0,-16,-18,17,-13,-17,-14,-24,-22,9,2,-23,-11,27,-3,14,17
"157","Everton","Aston Villa","Premier League","Premier League","Robin Olsen",-17,-8.5,-9.5,0,19.5,0,-14.5,16,-32,-65,-16.5,-11.5,-41,-14,-8.5,6,13,-11.5,6,16,-12.5,4,42.5,-13,4,0.5
"158","Stuttgart","Köln","Bundesliga","Bundesliga","Ron-Robert Zieler",-81,-75.5,-25.5,-33,-48,-23,-80,-49.5,16,40,-81.5,-89,57.5,-86.5,-62,-41,-40.5,-89,10.5,-15,-81,-66,18,-78,-57,-15
"159","La Coruña","Osasuna","La Liga","La Liga","Rubén",-29,-57.5,-11.5,-23,-63.5,-38,-52,6.5,32,7,-28,-27.5,8,-22,-37.5,17,19,-40.5,19,13.5,-44.5,-52,-27,-7.5,45.5,64
"160","Celta Vigo","Marseille","La Liga","Ligue 1","Rubén Blanco",-29.75,-39.25,-45,-23.5,-21.75,38,-44,-65,26.5,15.25,-50.75,-47,-33.25,-29.5,-26.25,-44.75,-47.25,-36.75,-50,-52.5,-35.25,-24,4.75,-22,33,43.5
"161","Wolves","Roma","Premier League","Serie A","Rui Patrício",-3.5,-9,3.5,4.5,-12.1666666666667,-6.66666666666667,-7.83333333333333,-18,20.6666666666667,1.83333333333334,-11.8333333333333,-12.3333333333333,0.666666666666671,12.8333333333333,2,-26,-21.6666666666667,-13.1666666666667,-49.1666666666667,-33.6666666666667,-20,-10.1666666666667,1.33333333333334,19.8333333333333,20.3333333333333,30.8333333333333
"162","Granada","Betis","La Liga","La Liga","Rui Silva",-20.5,-29.5,-24,-16.5,-3,0,-28.5,-9,26,17,-31,-30.5,-6.5,-21.5,6,-40.5,-41,-23.5,-33,-33,-17.5,3,21.5,-13.5,-8,-11.5
"163","Torino","Genoa","Serie A","Serie A","Salvatore Sirigu",8.5,10,-4,11.5,9.75,27,3.75,-13.25,-45.75,-23.75,4,5.5,-5.5,8,-12.5,14,7.25,-10.5,9.75,5.75,-10.75,-17,-16.5,-13.5,-22.25,-17
"164","Genoa","Fiorentina","Serie A","Serie A","Salvatore Sirigu",-82,-93,-55,-35,-68,-38,-85,-31,68,68,-80,-78,-24,-75,-42,-14,6,-74,-27,-12,-75,-51,-19,-39,69,64
"165","West Brom","Crystal Palace","Premier League","Premier League","Sam Johnstone",-55,-65,-34,-33,-19,-18,-65,-16,59,37,-62,-62,-10,-52,-53,-57,-61,-59,-43,-43,-63,-49,-16,-41,9,18
"166","Villarreal","Valladolid","La Liga","La Liga","Sergio Asenjo",-26,-17.6,-26.4,12.6,-40.8,-21.6,-21.8,34.2,-46.8,-49.2,-17.8,-18.4,-0.399999999999999,-20.8,-29.8,10.6,12.2,-28.8,15.6,23,-34.6,-30.6,-14.6,-13.4,27.6,28
"167","Sevilla","Fulham","La Liga","Premier League","Sergio Rico",9,21,10,-24,14,38,25,-24,6,10,36,29,50,7,-11,41,41,23,22,14,17,-29,-50,24,28,30
"168","Fulham","Paris S-G","Premier League","Ligue 1","Sergio Rico",-39,-65.5,-55,0,-63.5,-25,-66,-13,42.5,9,-83.5,-79.5,-65.5,-38,-32,-82.5,-82.5,-62,-78,-76.5,-52.5,-26.5,8.5,-41,9.5,33.5
"169","Paris S-G","Mallorca","Ligue 1","La Liga","Sergio Rico",18,30.5,45,0,40.5,25,23,26,-51.5,-32,46.5,38.5,84.5,19,18,73.5,73.5,18,56,56.5,18.5,11.5,-9.5,1,-46.5,-56.5
"170","Manchester Utd","Venezia","Premier League","Serie A","Sergio Romero",37,61,65,0,17,38,56,-47,-18,-41,41,42,-23,48,50,-13,-16,46,-54,-56,43,40,-4,37,26,21
"171","Arminia","Manchester City","Bundesliga","Premier League","Stefan Ortega",-55.5,-82,-64.5,-12,-60.5,-32,-73.5,-13,-2.5,21,-81,-83,-0.5,-67,-37,-65,-69.5,-75,-50,-59,-73,-40.5,16,-54,22,10.5
"172","Werder Bremen","Arminia","Bundesliga","Bundesliga","Stefanos Kapino",5.5,-7.5,0,0,0,0,3,32,29,96.5,6,4.5,39,1,-9.5,16,35,6,39,24.5,10,11,25,9.5,59,67
"173","Marseille","Rennes","Ligue 1","Ligue 1","Steve Mandanda",11.4,-1,-8,-11.4,13.8,2.8,5,6.2,44.6,19.2,13.2,9,18.8,24,16.2,-10.6,-11.4,2.4,5.2,0.399999999999999,4.8,23.4,27.6,27.2,30,20.6
"174","Chelsea","Real Madrid","Premier League","La Liga","Thibaut Courtois",-4.2,-9.2,10.4,4.8,6.4,-32.8,0,-28,23.4,13.4,-21.2,-19.6,-13.8,-5.59999999999999,-3.2,-19,-22.6,-13.2,-20.6,-25.4,-6.40000000000001,-3.8,-0.599999999999994,11,19.4,23.6
"175","Burnley","Aston Villa","Premier League","Premier League","Tom Heaton",15,28.5,35.5,12,45.5,4,20.5,-28.5,-42,-43.5,3.5,11,-42,13.5,24.5,-13.5,-19.5,20.5,-20,-25,22,17.5,0,1.5,-24.5,-22.5
"176","Rennes","Augsburg","Ligue 1","Bundesliga","Tomáš Koubek",-27.5,-8.5,-39.5,12,-45,6,-9.5,35.5,-4.5,0,-22.5,-18,-23,-9.5,-16,-7,0.5,-26,-3.5,1,-30.5,-19.5,8,-19.5,5.5,0
"177","SPAL","Torino","Serie A","Serie A","Vanja Milinković-Savić",36.25,21.5,37,8.25,11,0,20.5,18.75,-13.25,19,38,39,4.25,36.25,18.5,15,27.75,25,37.5,21.25,26,30.75,23,39.75,45.75,53.25
"178","Getafe","Crystal Palace","La Liga","Premier League","Vicente Guaita",-4,17.8,9.6,9.59999999999999,35.2,20.4,1,-34.8,-56.6,-42.6,-20.2,-22.2,15.6,-1.8,31,-36.4,-42.6,-13.2,-34.6,-36.2,-2.8,-4.2,-0.799999999999997,-15,-18.6,-20.8
"179","Benevento","Sampdoria","Serie A","Serie A","Vid Belec",-25,-30,-26,-24,0,-38,-36,-76,-42,-71,-29,-29,-5,-20,-30,-36,-57,-29,-35,-28,-28,-49,-66,-10,56,78
"180","Sampdoria","Salernitana","Serie A","Serie A","Vid Belec",37,62,26,0,32,38,54,40,-42,-1,58,48,61,27,32,56,68,43,60,50,40,47,30,21,-63,-64
"181","Monaco","Lorient","Ligue 1","Ligue 1","Vito Mannone",12,10,-15,33,11,0,15,-21,39,38,4,7,-18,14,30,-19,-18,11,-35,-44,28,36,27,-3,-42,-84
"182","Crystal Palace","Burnley","Premier League","Premier League","Wayne Hennessey",-27.3333333333333,-25,-21.3333333333333,-24,-31.3333333333333,13.3333333333333,-33,-35,-12.3333333333333,-49.3333333333333,-30,-32.3333333333333,26.3333333333333,-22.3333333333333,-25.3333333333333,5.33333333333333,4.66666666666667,-31.3333333333333,2.66666666666667,0,-32,-43.3333333333333,-37.6666666666667,-17.6666666666667,44,42
"183","Burnley","Nott'ham Forest","Premier League","Premier League","Wayne Hennessey",5,-3,0,0,0,-26,2,18,10,13,-2,-2,-15,3,9,-17,-11,3,-17,-18,-1,11,19,-9,-62,0
"184","Chelsea","Southampton","Premier League","Premier League","Willy Caballero",-2.5,6.75,0,0,5.75,-6.5,6,25.5,-12.75,-27.5,7.25,5.5,33,-2.5,-17.25,56,53.5,-1.25,54.5,48,3.5,1.25,-6.25,6.75,38.25,-16.25
"185","Sampdoria","Lecce","Serie A","Serie A","Wladimiro Falcone",65,46.5,42,33,63,31,45.5,-28,23,2,53.5,63.5,-29.5,50.5,46,43.5,53.5,58.5,21.5,24.5,58.5,55,21,67,30.5,7
"186","M'Gladbach","Bayern Munich","Bundesliga","Bundesliga","Yann Sommer",-16.8333333333333,-23.5,24.1666666666667,12,-25.8333333333333,-8.66666666666666,-26,31.6666666666667,-18.3333333333333,-15.1666666666667,-27.5,-29.5,16.8333333333333,-26.5,-22,-17.8333333333333,-18.6666666666667,-27.5,-14.3333333333333,-16,-24.8333333333333,-9.16666666666667,22.6666666666667,-3.83333333333333,12.8333333333333,19.6666666666667
"187","Girona","Sevilla","La Liga","La Liga","Yassine Bounou",-10.75,-31.25,-24.5,-18.75,-5.25,-7,-34.5,-27.25,-3.75,-1.75,-23,-28,22.75,1,-6,-41.25,-43,-23,-29.5,-36,-13.5,11.25,31.5,-4,9,4.25
"188","Valladolid","Eibar","La Liga","La Liga","Yoel",-3.66666666666667,-12.6666666666667,-19,-24,0,0,-9,-16,21,48,-0.666666666666668,-3,20.3333333333333,-4,2,-3,-2.66666666666667,-0.666666666666668,11,1.66666666666667,-1.33333333333333,-11.3333333333333,-57,12.3333333333333,44,30.3333333333333
"189","RB Leipzig","Lorient","Bundesliga","Ligue 1","Yvon Mvogo",38.3333333333333,43,12.6666666666667,0,49,26,45.6666666666667,19.3333333333333,-2,15.6666666666667,38,40.6666666666667,-23.6666666666667,37.6666666666667,39.3333333333333,9.33333333333333,1.33333333333333,44,7.33333333333333,-4,58.6666666666667,64.3333333333333,43.6666666666667,13.3333333333333,-67.6666666666667,-63.6666666666667
"190","Düsseldorf","Manchester City","Bundesliga","Premier League","Zack Steffen",-39,-65,-19,-24,-49,-26,-63,-81,38,48,-62,-55,-76,-42,-48,-54,-59,-46,-56,-69,-49,-51,-54,-28,48,45
"191","Huesca","Brentford","La Liga","Premier League","Álvaro Fernández",-14,-13,-15,0,-10,12,-13,-15,-16,-21,-13,-7,-43,-11,-19,17,-1,-19,14,0,-8,-8,4,-9,20,14
"192","Brentford","Espanyol","Premier League","La Liga","Álvaro Fernández",-1,-6,-19,0,-9,-12,-5,21,3,0,12,1,76,-10,-9,28,40,5,40,51,-5,-10,-18,-4,-6,-4
"193","Aston Villa","RB Leipzig","Premier League","Bundesliga","Ørjan Nyland",-14,-25,0,0,17,26,-21,15,55,85,-16,-16,8,-6,-15,-32,-35,-17,-57,-59,-15,-25,-49,-7,-1,20
"194","Swansea City","West Ham","Premier League","Premier League","Łukasz Fabiański",-16.2,-10.6,-2.40000000000001,-12.6,-6,-3.2,-15.6,-3,-32.2,-17.2,-9.8,-10.6,-1.4,-17.4,-5,-0.200000000000003,-4.8,-17.8,-16.8,-20.6,-11.8,-14.2,-26,-11.8,-6.6,1.4
"195","Roma","Bologna","Serie A","Serie A","Łukasz Skorupski",75.6,86.6,63.8,25.8,57,32,88,33.4,-16,-41.4,61.4,61.2,-28.4,67.6,73,7.8,8,81,-23.6,-9.2,74.6,79.4,60.6,40,-64.6,-69.4
