"","Player","Squad","Comp","Season_End_Year","MP_Playing","Starts_Playing","Min_Playing","Mins_Per_90","GA","GA90","SoTA","Saves","Save_percent","W","D","L","CS","CS_percent","PKatt_Penalty","PKA_Penalty","PKsv_Penalty","PKm_Penalty","Save_percent_Penalty"
"1","Aaron Ramsdale","Bournemouth","Premier League",2020,92,92,92,92,96,73,96,95,45,59,67,99,50,19,83,85,86,80,62
"2","Aaron Ramsdale","Sheffield Utd","Premier League",2021,100,100,100,100,97,70,99,99,53,48,23,100,50,18,64,65,54,97,54
"3","Alban Lafont","Toulouse","Ligue 1",2017.5,92.5,92.5,92.5,93,78,37.5,86,88,68,61.5,92,89,86.5,66,89.5,94.5,70,80,55
"4","Alban Lafont","Fiorentina","Serie A",2019,76,76,71,71,65,28,65,68,66,52,100,67,70,47,83,85,86,80,62
"5","Albano Bizzarri","Pescara","Serie A",2017,57,57,57,57,98,94,91,79,14,16,59,99,27,12,75,85,54,80,54
"6","Alberto García","Sporting Gijón","La Liga",2016,14,15,14,14,19,91,18,20,29,21,17,22,10,10,50,28,96,80,97
"7","Alex Meret","SPAL","Serie A",2018,27,27,26,26,22,32,28,32,90,21,67,28,41,69,75,65,96,80,86
"8","Alexander Nübel","Schalke 04","Bundesliga",2019.5,43,43,41.5,41.5,54.5,67,49,48,42,42.5,71,53.5,45.5,38.5,64,71.5,70,80,64
"9","Alexander Schwolow","Freiburg","Bundesliga",2018.5,65.5,65.5,64,64,81.75,68.25,80.25,78.25,44.25,60,76.75,75.75,56,35,74.25,79.25,64.5,84.25,61.25
"10","Alexander Schwolow","Hertha BSC","Bundesliga",2021.5,49,49,48,48,73.5,74,57,51,28.5,45.5,69.5,70.5,55.5,47,79,88,54,80,54
"11","Alexandre Oukidja","Strasbourg","Ligue 1",2018,34,32,32,32,44,79,33,30,18,27,51,50,27,17,75,78,86,80,67
"12","Alfred Gomis","SPAL","Serie A",2018.5,44.5,43,43,43,56,61.5,54.5,56,47,35,63,68,45.5,44,54,59.5,70,80,56.5
"13","Alfred Gomis","Dijon","Ligue 1",2020.5,25,25.5,24,24,21.5,54.5,27,31,85.5,25,42,34,33.5,41,34.5,46.5,54,80,54
"14","Alisson","Roma","Serie A",2018,92,92,92,92,42,5,71,83,95,96,75,46,99,95,75,65,96,80,86
"15","Alphonse Areola","Villarreal","La Liga",2016,65,66,65,66,38,7,51,59,82,89,75,46,97,95,35,28,86,80,95
"16","Alphonse Areola","Paris S-G","Ligue 1",2018,49,48.6666666666667,48.6666666666667,48.6666666666667,27,7.66666666666667,32.6666666666667,36,63.6666666666667,81.6666666666667,38,18,80.6666666666667,95.6666666666667,44.3333333333333,44.6666666666667,64.6666666666667,85.6666666666667,67.6666666666667
"17","Alphonse Areola","Real Madrid","La Liga",2020,10,11,11,11,9,34,7,7,91,27,17,2,19,54,35,48,54,80,54
"18","Alphonse Areola","Fulham","Premier League",2021,85,85,85,86,81,42,88,90,73,38,97,94,76,54,83,91,54,80,54
"19","Andreas Luthe","Augsburg","Bundesliga",2018,5,6,5,5,6,87,3,2,5,7,17,10,10,10,19,28,54,80,54
"20","Andriy Lunin","Leganés","La Liga",2019,12,11,11,11,9,32,10,11,91,16,8,22,27,97,35,28,86,80,95
"21","Andrés Fernández","Granada","La Liga",2016,92,92,87,92,98,80,90,80,12,64,75,96,41,15,75,78,54,97,54
"22","Andrés Fernández","Villarreal","La Liga",2018.5,15.5,16,14.75,14.75,14.75,59.5,15.75,17.75,69.25,27.25,20,16,26.5,56,38,49.75,54,80,54
"23","Angus Gunn","Southampton","Premier League",2019.5,23.5,24,23.5,23.5,30.5,77,25,22.5,11.5,27,32,34,30.5,45.5,27,25.5,70,80,77
"24","Antonio Mirante","Bologna","Serie A",2017.5,55.5,55.5,55,55,63.5,54,62.5,64,42.5,56,46,78.5,66.5,62.5,50,38,70,97,74.5
"25","Asmir Begović","Bournemouth","Premier League",2018.5,73,73,73,73,87,75.5,71.5,64,13,61,62.5,83.5,53.5,31.5,42.5,48,70,80,68.5
"26","Asmir Begović","Milan","Serie A",2020,5,2,2,2,4,89,3,3,57,7,8,10,10,10,19,28,54,80,54
"27","Baptiste Reynet","Dijon","Ligue 1",2017.5,96,96,96,96,96,74,98.5,97,61.5,65,89.5,90.5,63,34,99.5,99.5,92.5,88.5,61
"28","Baptiste Reynet","Toulouse","Ligue 1",2019.5,53,52.5,51,51,78.5,74.5,67.5,63,33,35,62.5,85.5,42,24.5,75,71.5,91,80,76.5
"29","Bartłomiej Drągowski","Empoli","Serie A",2019,28,29,29,29,34,74,46,51,90,38,23,46,34,40,64,65,86,80,74
"30","Bartłomiej Drągowski","Fiorentina","Serie A",2021,54.3333333333333,54.6666666666667,51.3333333333333,52.3333333333333,58.3333333333333,50,54,49.6666666666667,55,44.6666666666667,66.6666666666667,62,53.3333333333333,50.6666666666667,75.3333333333333,72.3333333333333,92.6666666666667,80,78.6666666666667
"31","Ben Foster","West Brom","Premier League",2017.5,96,96,96,96,87.5,49.5,84,81.5,32.5,59,89.5,94,69.5,42,34.5,46.5,54,80,54
"32","Ben Hamer","Leicester City","Premier League",2018,10,9,8,8,11,93,6,5,2,7,17,16,19,78,19,28,54,80,54
"33","Benjamin Lecomte","Lorient","Ligue 1",2017,62,62,62,62,86,73,88,86,42,52,41,96,41,18,64,48,86,97,83
"34","Benjamin Lecomte","Montpellier","Ligue 1",2020,76,76,76,76,50.3333333333333,19.6666666666667,59,63.6666666666667,79.6666666666667,71,76.3333333333333,51.3333333333333,83.6666666666667,81,74,66,78.6666666666667,91.3333333333333,74.3333333333333
"35","Benoît Costil","Rennes","Ligue 1",2017,100,100,100,100,69,22,76,79,56,75,98,73,91,72,64,28,86,99,95
"36","Benoît Costil","Bordeaux","Ligue 1",2020,75.8,76,76,76.2,77,47.4,69.8,65,41.2,62,76.4,81,64,48.8,80,79.6,82.4,80,69.6
"37","Bernd Leno","Leverkusen","Bundesliga",2017.5,73,73,73,73,77.5,48.5,70.5,66.5,34,77,81.5,67.5,69.5,49,62.5,75,54,80,54
"38","Bernd Leno","Arsenal","Premier League",2020,68,67,65.3333333333333,65.6666666666667,63,34,72.3333333333333,76.6666666666667,71.3333333333333,78.3333333333333,74.3333333333333,57.6666666666667,70.6666666666667,53.6666666666667,71,71.6666666666667,75.3333333333333,80,69.3333333333333
"39","Bingourou Kamara","Strasbourg","Ligue 1",2019.5,28,28.5,27,27,35.5,75,28.5,27,13.5,27,33.5,48.5,27,34.5,27,38,54,80,54
"40","Boris Radunović","Hellas Verona","Serie A",2020,8,9,8,8,13,97,7,6,9,16,8,16,19,78,35,48,54,80,54
"41","Brice Samba","Caen","Ligue 1",2018.5,55,54.5,54.5,54.5,47.5,37.5,53.5,55,88,32,56.5,53,51.5,73.5,56,59.5,75,80,64
"42","Christian Mathenia","Hamburger SV","Bundesliga",2017.5,37,37.5,37.5,37.5,43.5,55,36,35,33.5,35.5,50,58,45.5,47,49.5,56.5,54,88.5,54
"43","Christian Puggioni","Sampdoria","Serie A",2017.5,30.5,31,31,31,36.5,57,39.5,43,79,38,45,36.5,37.5,56,62.5,71.5,70,80,60.5
"44","Ciprian Tătărușanu","Fiorentina","Serie A",2017,80,80,76,76,85,55,84,83,47,81,88,63,86,71,75,78,54,97,54
"45","Ciprian Tătărușanu","Nantes","Ligue 1",2018.5,72.5,72.5,71,71,53,20.5,57,59,55.5,66.5,73.5,78,77,65,57,38,76.5,88.5,75.5
"46","Claudio Bravo","Barcelona","La Liga",2016,65,66,63,66,31,2,52,64,93,98,41,28,98,97,19,28,54,80,54
"47","Claudio Bravo","Manchester City","Premier League",2017,43,43,42,42,38,28,28,26,5,75,51,34,50,44,19,3,86,80,100
"48","Daniele Padelli","Torino","Serie A",2017,5,6,5,5,6,87,3,2,5,16,8,10,10,10,19,28,54,80,54
"49","David Soria","Sevilla","La Liga",2018,30,30,29,29,27,44,27,29,52,48,41,28,50,78,50,48,54,97,54
"50","Dean Henderson","Sheffield Utd","Premier League",2020,85,85,85,86,52,10,65,72,79,81,93,67,93,82,50,28,86,97,95
"51","Diego Benaglio","Wolfsburg","Bundesliga",2017,28,29,29,29,31,65,30,30,36,38,17,50,34,40,64,48,86,97,83
"52","Diego Mariño","Levante","La Liga",2016,44,44,44,44,72,82,60,58,25,43,32,82,34,18,50,65,54,80,54
"53","Donovan Léon","Brest","Ligue 1",2020,5,2,2,2,4,92,6,7,95,16,8,2,19,100,19,28,54,80,54
"54","Edouard Mendy","Reims","Ligue 1",2019,100,100,100,100,69,22,81,86,85,78,100,57,95,84,89,96,54,80,54
"55","Edouard Mendy","Rennes","Ligue 1",2020,46,46,46,46,27,5,36,43,92,78,51,40,76,85,64,65,86,80,74
"56","Eiji Kawashima","Metz","Ligue 1",2017.5,34.5,35,33.5,33.5,52.5,59,51,49,45,29.5,42,54,23,24.5,27,3,91,80,100
"57","Emiliano Martínez","Getafe","La Liga",2018,12,13,12,12,11,48,10,10,37,21,17,16,27,90,19,28,54,80,54
"58","Emiliano Martínez","Arsenal","Premier League",2018.5,12.5,12.5,12,12,9,38,12.5,14,86.5,27,12.5,13,26.5,91,19,28,54,80,54
"59","Emiliano Viviano","Sampdoria","Serie A",2017.5,43.5,44,43.5,43.5,50,47,50.5,49.5,55.5,59,46,53.5,45.5,36.5,66.5,48,93,80,90
"60","Etrit Berisha","Atalanta","Serie A",2018,49.3333333333333,49.3333333333333,49.3333333333333,49.3333333333333,42.6666666666667,28,37.3333333333333,37.3333333333333,29.6666666666667,73.6666666666667,62.3333333333333,39.3333333333333,68.6666666666667,68.6666666666667,40,40.3333333333333,64.6666666666667,85.6666666666667,67.6666666666667
"61","Etrit Berisha","SPAL","Serie A",2020,50,50,50,50,73,73,79,83,74,38,32,94,34,16,83,91,54,80,54
"62","Fabian Bredlow","Nürnberg","Bundesliga",2019,28,25,26,26,42,92,29,24,3,21,32,46,27,28,35,3,86,97,100
"63","Fernando Pacheco","Alavés","La Liga",2019.5,82.3333333333333,79.6666666666667,78.3333333333333,78.5,79,49.5,76.3333333333333,72.8333333333333,51.5,65.1666666666667,70.5,85.3333333333333,71.6666666666667,50.5,84.3333333333333,85.5,83,82.8333333333333,69.6666666666667
"64","Florian Müller","Mainz 05","Bundesliga",2019,28.3333333333333,28,27.6666666666667,28,39.6666666666667,71.3333333333333,34.6666666666667,33.3333333333333,27.6666666666667,31.6666666666667,24,48.6666666666667,32,34.3333333333333,44.3333333333333,38.6666666666667,75.3333333333333,85.6666666666667,79
"65","Florian Müller","Freiburg","Bundesliga",2021,62,62,62,62,77,55,85,88,60,70,75,73,57,35,50,48,86,80,83
"66","Fraser Forster","Southampton","Premier League",2019.5,48.75,49,48.75,48.75,49.75,54.75,44.5,43.25,40,46,53.5,56,49.25,50,50,47.5,78,84.75,74
"67","Frederik Rønnow","Eint Frankfurt","Bundesliga",2020,20,21,21,21,21,64,23,26,80,21,32,28,19,16,35,48,54,80,54
"68","Frederik Rønnow","Schalke 04","Bundesliga",2021,23,23,22,23,34,93,32,32,48,7,41,40,19,14,64,78,54,80,54
"69","Gabriel","Cagliari","Serie A",2017,8,9,8,8,9,72,6,7,43,16,17,10,10,10,19,28,54,80,54
"70","Gerónimo Rulli","Real Sociedad","La Liga",2017.5,72,72,71,71,72.25,47.25,66.5,66.5,39,74,71,68.75,73.25,59,74.25,67.25,86,89.5,72.75
"71","Gerónimo Rulli","Montpellier","Ligue 1",2020,48,48,48,48,40,20,60,69,92,70,67,46,70,73,75,65,96,80,86
"72","Gianluigi Buffon","Juventus","Serie A",2019,34.5,35,34.25,34.25,19.75,8,24.5,27.5,83.5,70.25,22.25,15.5,57.5,72.25,42,42.25,70,84.25,66.25
"73","Gianluigi Donnarumma","Milan","Serie A",2019,92.4,92.4,89.8,89.8,64.2,20.2,73.2,76.2,69.8,92.4,81.2,55.8,90.8,75.4,73.8,64.8,84.4,90.8,76.4
"74","Gorka Iraizoz","Athletic Club","La Liga",2016.5,62,61,58.5,58.5,44,30.5,44.5,49.5,44,63.5,53.5,59.5,63.5,58.5,62.5,53,91,80,82
"75","Gregor Kobel","Augsburg","Bundesliga",2019,32,32,30,30,69,97,44,36,4,33,23,63,34,33,35,28,86,80,95
"76","Gregor Kobel","Hoffenheim","Bundesliga",2019,2,2,2,2,1,16,3,5,100,16,8,2,10,10,19,28,54,80,54
"77","Gregor Kobel","Stuttgart","Bundesliga",2021,70,70,70,70,89,70,85,80,41,70,83,78,50,23,89,85,96,80,76
"78","Guillermo Ochoa","Granada","La Liga",2017,100,100,100,100,100,91,100,100,30,33,75,100,34,12,64,48,86,97,83
"79","Iago Herrerín","Leganés","La Liga",2017,41,41,39,39,36,31,31,32,29,33,67,63,57,62,64,65,86,80,74
"80","Ionuț Radu","Genoa","Serie A",2019.5,52,52.5,52,52,66,68,63,63,57,32,74.5,70.5,42,24,86,88,70,88.5,58
"81","Ionuț Radu","Auxerre","Ligue 1",2023,32,32,32,32,24,18,32,35,76,33,59,40,50,71,35,3,96,80,100
"82","Ivan Provedel","Empoli","Serie A",2019,32,32,32,32,57,93,51,50,36,33,41,50,10,10,64,65,54,97,54
"83","Ivan Provedel","Spezia","Serie A",2021.5,59.5,59.5,58.5,58.5,88,78.5,78,73,43,51,69.5,85,52,31.5,94,95,70,89.5,56.5
"84","Ivo Grbić","Lille","Ligue 1",2022,41,41,41,41,42,42,40,41,44,52,67,40,27,14,35,48,54,80,54
"85","Iván Cuéllar","Sporting Gijón","La Liga",2016.5,75,75.5,75,76,90.5,72,90,92.5,41.5,47.5,81.5,93.5,63,38,93,88,91,89.5,68
"86","Jack Butland","Stoke City","Premier League",2018,80,80,80,80,95,76,99,99,61,48,93,92,57,28,75,85,54,80,54
"87","Jasper Cillessen","Barcelona","La Liga",2019,8,9,8,8,6,42,7,9,91,16,17,10,19,78,19,28,54,80,54
"88","Jean-Louis Leca","Bastia","Ligue 1",2017,76,76,71,71,72,36,77,79,66,52,83,89,70,47,93,78,99,97,87
"89","Jessy Moulin","Saint-Étienne","Ligue 1",2019.66666666667,26.3333333333333,26.3333333333333,25.6666666666667,25.6666666666667,28.3333333333333,45.6666666666667,25.3333333333333,26,69,29.6666666666667,38,33,40.6666666666667,79.3333333333333,39.3333333333333,51.3333333333333,54,80,54
"90","Joe Hart","Torino","Serie A",2017,85,85,85,86,96,75,90,81,25,75,98,63,50,20,83,91,54,80,54
"91","Joe Hart","West Ham","Premier League",2018,38,38,38,38,62,88,43,36,11,27,59,63,41,39,75,78,86,80,67
"92","Joel Robles","Everton","Premier League",2017,39,38,38,38,28,17,37,43,87,75,41,22,82,98,35,48,54,80,54
"93","Joel Robles","Betis","La Liga",2020,39.3333333333333,39.6666666666667,38,38,42,40.3333333333333,35.6666666666667,34.3333333333333,57.6666666666667,46.3333333333333,44.3333333333333,46.6666666666667,42,46,64.3333333333333,68.6666666666667,64.6666666666667,80,58.3333333333333
"94","Jonas Lössl","Mainz 05","Bundesliga",2017,53,53,53,53,77,74,70,66,35,52,51,82,50,33,64,65,86,80,74
"95","Jonas Omlin","Montpellier","Ligue 1",2022,49,49.3333333333333,46.6666666666667,47,63.3333333333333,71,68,70,64,55.3333333333333,48.6666666666667,67.3333333333333,41.3333333333333,30.3333333333333,75.6666666666667,76.6666666666667,75.3333333333333,80,67.3333333333333
"96","Jordan Pickford","Sunderland","Premier League",2017,57,57,57,57,83,75,97,98,76,38,41,98,41,19,35,48,54,80,54
"97","Juan Carlos","Rayo Vallecano","La Liga",2016,41,38,39,39,57,79,46,47,25,33,75,46,34,25,64,65,86,80,74
"98","Juan Musso","Udinese","Serie A",2020,79,79,78,79,78.3333333333333,47.3333333333333,84.6666666666667,86,84.6666666666667,64.3333333333333,82,84.6666666666667,76,59.3333333333333,97,98.6666666666667,68,80,58.3333333333333
"99","Juan Soriano","Sevilla","La Liga",2019,10,11,9,11,2,0,6,7,99,33,8,2,27,97,19,28,54,80,54
"100","Kasper Schmeichel","Leicester City","Premier League",2019.5,86.8333333333333,86.8333333333333,86.1666666666667,86.1666666666667,80.3333333333333,46.5,78.1666666666667,76,50.1666666666667,80.1666666666667,74,78,77.3333333333333,56.6666666666667,72.1666666666667,75,75,80,65.6666666666667
"101","Kepa Arrizabalaga","Athletic Club","La Liga",2018,59,59,59,59,72,51,71,72,42,48,83,82,63,46,50,28,96,80,97
"102","Kevin Trapp","Paris S-G","Ligue 1",2017.5,28,28.5,28,28,12.5,8.5,17.5,21,94,59,24.5,13,58,76.5,35,38,70,80,74.5
"103","Keylor Navas","Real Madrid","La Liga",2017,60.6666666666667,60.6666666666667,60.6666666666667,60.6666666666667,46,19,56.3333333333333,63.3333333333333,76,93,55.6666666666667,24,68.6666666666667,58.6666666666667,54.3333333333333,34.6666666666667,83,85.6666666666667,82
"104","Keylor Navas","Paris S-G","Ligue 1",2021.5,49,49,47,47,25,4.5,39.5,48,93.5,86.5,45.5,25,79,86.5,35,38,70,80,74.5
"105","Lorenzo Montipò","Benevento","Serie A",2021,92,92,92,92,100,87,93,80,8,48,93,96,63,34,75,78,86,80,67
"106","Luigi Sepe","Parma","Serie A",2020,84.3333333333333,84.3333333333333,84.3333333333333,84.6666666666667,93.6666666666667,73.6666666666667,96.6666666666667,94,54,56.3333333333333,81.6666666666667,91,60.6666666666667,33.6666666666667,74.6666666666667,79,69,80,63.6666666666667
"107","Lukáš Hrádecký","Eint Frankfurt","Bundesliga",2017.5,73,73,70.5,71,70,37.5,62,59.5,31.5,72.5,75,78,72.5,52.5,57,56.5,54,97,54
"108","Marc-Aurèle Caillard","Guingamp","Ligue 1",2019,41,41,41,41,54,68,44,41,18,33,67,63,57,62,35,28,86,80,95
"109","Marco Silvestri","Hellas Verona","Serie A",2020.5,78,78,78,78,70.5,31.5,77,80.5,75.5,70,90,74.5,69.5,46,89,93.5,54,88.5,54
"110","Marco Sportiello","Fiorentina","Serie A",2017.5,48.5,49,43,43,33,53,34.5,35.5,33,51.5,45.5,41.5,52.5,48,34.5,38,70,80,68.5
"111","Marco Sportiello","Frosinone","Serie A",2019,80,80,80,80,97,81,99,98,52,38,83,99,70,45,75,85,54,80,54
"112","Marwin Hitz","Augsburg","Bundesliga",2017.5,65,66,65,66,76,52,87.5,89.5,66,61.5,85.5,77.5,69.5,51,55,53,70,88.5,74.5
"113","Mathew Ryan","Valencia","La Liga",2016.5,11.5,12.5,11.5,11.5,11.5,60,9.5,11,37.5,7,24.5,22,14.5,13.5,27,28,70,80,74.5
"114","Mathew Ryan","Brighton","Premier League",2019.5,74.75,75,74.75,74.75,73.75,60.75,70.75,68,32.5,47.75,77.75,75.5,60.5,41.75,60.5,63,64.5,80,64.75
"115","Mathew Ryan","Arsenal","Premier League",2021,8,9,8,8,2,2,5,7,99,16,17,10,19,78,19,28,54,80,54
"116","Matthieu Dreyer","Caen","Ligue 1",2017,5,6,5,5,2,16,6,7,99,16,8,10,19,97,19,28,54,80,54
"117","Mattia Perin","Genoa","Serie A",2019,57.5,57.75,56.5,57.25,57.25,46.5,63,65.25,57.25,53.5,65,66,67,65.25,63,62.5,62,88.5,61.25
"118","Maxime Dupé","Nantes","Ligue 1",2018,19,19,18.6666666666667,18.6666666666667,18.6666666666667,67.3333333333333,16.3333333333333,15.3333333333333,26.6666666666667,32.3333333333333,24,20,26.3333333333333,31.6666666666667,39.6666666666667,47,64.6666666666667,80,63.6666666666667
"119","Michael Esser","Darmstadt 98","Bundesliga",2017,54,55,53,53,83,80,77,72,41,43,32,96,34,15,89,85,86,97,62
"120","Michael Esser","Hannover 96","Bundesliga",2019,65,66,65,66,98,89,99,99,57,38,59,99,50,24,83,85,86,80,62
"121","Mike Maignan","Lille","Ligue 1",2019.5,82.5,82.75,81.5,81.5,52.75,21.25,60.25,64,71.25,85.5,71,54.25,84.5,75.25,72.75,65.5,91,89,80.5
"122","Neto","Valencia","La Liga",2018.5,73,73,73,73,53,16,74.5,84.5,92,84.5,82.5,48,82,66.5,84,80.5,91,80,71.5
"123","Neto","Barcelona","La Liga",2021,16,17,16,16,10,7,13,15,97,27,23,16,34,92,35,48,54,80,54
"124","Nick Pope","Burnley","Premier League",2020.25,82.5,81.75,81.75,82.25,68.75,30.75,84.5,90.75,79,67.75,89.25,78,87.5,75.5,68.75,73.25,70,84.25,62.25
"125","Oier Olazábal","Real Sociedad","La Liga",2016,8,6,5,5,9,84,3,3,5,16,8,10,19,97,35,48,54,80,54
"126","Oier Olazábal","Levante","La Liga",2018.5,45.5,45.5,45.5,45.5,63.5,70.5,66,68,65,53.5,59,60,56.5,53,79,81.5,70,88.5,60.5
"127","Orestis Karnezis","Udinese","Serie A",2017,70,70,67,67,75,45,66,62,51,70,67,85,63,39,93,96,54,97,54
"128","Orestis Karnezis","Watford","Premier League",2018,30,29,29,29,34,72,26,24,13,33,32,46,41,62,50,65,54,80,54
"129","Pau López","Espanyol","La Liga",2017,71,67.5,68,68,72,48.5,72,72,50.5,67,71,78,69.5,55,69.5,75,70,80,64
"130","Pau López","Betis","La Liga",2019,70,70,70,70,79,50,70,64,31,75,67,82,82,68,64,65,86,80,74
"131","Pau López","Roma","Serie A",2020.5,53,52.5,52,52.5,59.5,50.5,54,53,52,77.5,50,45,45.5,30.5,73,81.5,70,80,55
"132","Paul Bernardoni","Nîmes","Ligue 1",2019.5,74,74,73,73.5,76.5,61.5,74,72.5,42.5,66,58,83.5,69.5,52.5,69.5,78,70,80,60.5
"133","Paul Bernardoni","Angers","Ligue 1",2022,60,60,60,60,72,69,57,47.6666666666667,16,41.3333333333333,59,73.6666666666667,50.3333333333333,44.3333333333333,79.6666666666667,86.3333333333333,64.6666666666667,85.6666666666667,55
"134","Paul Delecroix","Lorient","Ligue 1",2017,16,17,16,16,25,96,20,17,7,21,23,22,10,10,35,48,54,80,54
"135","Paulo Gazzaniga","Tottenham","Premier League",2020,36,35,35,35,38,53,38,39,60,38,51,46,27,16,64,65,86,80,74
"136","Paulo Gazzaniga","Elche","La Liga",2021,18,19,18,18,14,24,12,12,16,27,17,28,27,54,19,28,54,80,54
"137","Pepe Reina","Napoli","Serie A",2017.5,92,92,92,92,52,11,54,56.5,60,99.5,63,25,95,85,49.5,56.5,70,80,64
"138","Pepe Reina","Milan","Serie A",2019.5,7.5,6,5.5,5.5,5,30.5,4.5,5,77,16,8,6,14.5,53.5,19,15.5,70,80,77
"139","Pepe Reina","Aston Villa","Premier League",2020,25,25,25,25,28,72,24,24,23,27,32,40,27,28,50,48,86,80,83
"140","Pepe Reina","Lazio","Serie A",2021.5,43.5,43.5,43.5,43.5,55.5,66,42,38.5,30,67,36.5,42,51.5,44.5,84,88,54,88.5,54
"141","Predrag Rajković","Reims","Ligue 1",2021,81.6666666666667,81.6666666666667,79.6666666666667,79.6666666666667,60,23.6666666666667,72.3333333333333,75,78.6666666666667,64.3333333333333,96.6666666666667,66.6666666666667,86.3333333333333,71.6666666666667,84.3333333333333,63.6666666666667,94,91.3333333333333,80.6666666666667
"142","Rafał Gikiewicz","Union Berlin","Bundesliga",2020,70,70,70,70,89,70,87,83,35,75,51,89,70,50,64,65,86,80,74
"143","René Adler","Hamburger SV","Bundesliga",2017,38,38,38,38,60,87,41,35,8,38,41,63,50,57,83,65,86,99,74
"144","Roberto","Málaga","La Liga",2018,76,76,76,76,85,58,81,77,39,38,51,100,57,30,75,78,86,80,67
"145","Roberto","Alavés","La Liga",2020,20,19,19,19,27,91,25,26,50,21,17,34,27,54,50,65,54,80,54
"146","Roberto","West Ham","Premier League",2020,18,17,16,16,24,92,24,26,39,7,17,40,10,10,19,28,54,80,54
"147","Robin Olsen","Roma","Serie A",2019,53,53,53,53,69,64,63,63,46,75,75,46,41,22,83,78,54,99,54
"148","Robin Olsen","Cagliari","Serie A",2020,34,35,33,33,34,50,42,48,87,52,51,28,41,47,64,78,54,80,54
"149","Robin Olsen","Everton","Premier League",2021,16,17,16,16,14,38,16,17,69,21,32,16,27,62,19,28,54,80,54
"150","Rubén","Levante","La Liga",2016,30,30,30,30,40,79,30,29,10,21,51,50,34,37,64,48,86,97,83
"151","Rubén","La Coruña","La Liga",2018,54,53,53,53,93,90,70,56,6,27,83,85,41,22,50,48,86,80,83
"152","Rui Patrício","Wolves","Premier League",2020,94.6666666666667,94.6666666666667,93,94.6666666666667,75.6666666666667,32,72.6666666666667,72.6666666666667,45.3333333333333,81,88,74.6666666666667,79.3333333333333,57.3333333333333,69,63,78.6666666666667,85.6666666666667,69.3333333333333
"153","Rui Silva","Granada","La Liga",2020.5,72.5,73,72.5,73,79.5,52,73.5,68,42,79.5,67,77.5,80.5,66.5,86.5,81.5,93,88.5,77
"154","Rémy Riou","Nantes","Ligue 1",2017,43,43,43,43,54,62,41,38,36,43,59,63,50,44,83,91,54,80,54
"155","Salvatore Sirigu","Osasuna","La Liga",2017,36,36,36,36,85,98,46,35,1,27,32,73,19,10,64,48,86,97,83
"156","Salvatore Sirigu","Sevilla","La Liga",2017,5,6,3,5,4,61,3,4,57,7,17,10,10,10,19,28,54,80,54
"157","Salvatore Sirigu","Torino","Serie A",2019.5,81.75,82,80.75,81.25,80.75,50.75,81.25,78.25,56.75,66.75,88.5,71.75,75.75,55.75,87.75,82.5,83.75,84.25,72
"158","Sam Johnstone","West Brom","Premier League",2021,92,92,92,92,100,87,100,100,57,33,93,99,57,26,99,96,86,100,57
"159","Sergio Asenjo","Villarreal","La Liga",2019,48.5714285714286,49,48.4285714285714,48.7142857142857,42.5714285714286,33,47.1428571428571,50,71.1428571428571,56.7142857142857,56.4285714285714,45.1428571428571,60.5714285714286,64.5714285714286,57,54,78.7142857142857,84.8571428571429,71.4285714285714
"160","Sergio Rico","Sevilla","La Liga",2017,67.3333333333333,66.6666666666667,67,67.3333333333333,68.6666666666667,46.3333333333333,69,70.3333333333333,47,79.6666666666667,60.6666666666667,60.6666666666667,83,77.3333333333333,58,52.6666666666667,75.3333333333333,91.3333333333333,67.3333333333333
"161","Sergio Rico","Fulham","Premier League",2019,57,57,57,57,91,83,89,87,37,43,32,98,50,29,64,78,54,80,54
"162","Sergio Romero","Manchester Utd","Premier League",2017,5,6,5,5,0,0,5,9,100,16,17,2,27,100,19,3,86,80,100
"163","Steve Mandanda","Marseille","Ligue 1",2019.5,67.25,67.25,65.25,65.25,59.5,29.5,54.75,54.5,51.25,85.75,76.25,46.5,79.5,69.25,69.5,74.75,70,84.25,60.25
"164","Thibaut Courtois","Chelsea","Premier League",2017.5,82.5,82.5,82.5,83,48,8.5,49.5,52.5,58.5,97,45.5,42.5,97.5,92.5,35,48,54,80,54
"165","Tom Heaton","Burnley","Premier League",2018,59,59,59,59,60.5,47.5,68,70,62,61,54,69,61.5,50.5,47,53,70,80,60.5
"166","Tomáš Koubek","Rennes","Ligue 1",2018.5,73,71,71,71,69,36.5,68.5,68.5,50,75.5,84,65,79,63,69.5,56.5,91,88.5,84.5
"167","Vicente Guaita","Getafe","La Liga",2017,85,85,85,85,68,41,74.5,78,58.5,68.5,83,82.5,80.5,61,74.5,63,91,97,81
"168","Vid Belec","Benevento","Serie A",2018,27,27,25,25,40,92,34,35,33,21,8,67,19,12,50,65,54,80,54
"169","Vid Belec","Sampdoria","Serie A",2018,5,6,5,5,9,96,7,9,69,7,8,16,10,10,19,28,54,80,54
"170","Vito Mannone","Sunderland","Premier League",2017,20,21,21,21,27,90,28,29,55,16,23,40,27,43,35,48,54,80,54
"171","Vito Mannone","Monaco","Ligue 1",2021,20,21,21,21,21,64,18,16,16,38,17,22,27,43,35,48,54,80,54
"172","Wladimiro Falcone","Sampdoria","Serie A",2021,13.5,13.5,13,13,15,75.5,15.5,18.5,62,14,17,25,18.5,26.5,19,28,54,80,54
"173","Wojciech Szczęsny","Roma","Serie A",2017,100,100,100,100,60,16,83,91,84,100,32,46,95,84,64,48,96,80,95
"174","Yann Sommer","M'Gladbach","Bundesliga",2020,63,63.1428571428571,62.4285714285714,62.4285714285714,69.1428571428571,51.5714285714286,74.2857142857143,75.7142857142857,62.8571428571429,73.4285714285714,67.8571428571429,60.2857142857143,62.2857142857143,50.1428571428571,59.5714285714286,64.7142857142857,64.5714285714286,82.4285714285714,64.4285714285714
"175","Yassine Bounou","Girona","La Liga",2018.5,62,62.5,60.5,60.5,74.5,54,81.5,83.5,67,65,73.5,74.5,73,60.5,79,84.5,54,88.5,54
"176","Yoel","Rayo Vallecano","La Liga",2016,20,21,21,21,34,97,24,20,4,16,23,40,10,10,35,48,54,80,54
"177","Yoel","Eibar","La Liga",2018.5,29,27,26,26,29.5,58,28.5,31,46.5,36.5,33.5,30,41,63,34.5,25.5,86,80,91.5
"178","Yvon Mvogo","RB Leipzig","Bundesliga",2019,5,2,2,2,2,42,1,1,79,7,8,10,19,100,19,28,54,80,54
"179","Álvaro Fernández","Huesca","La Liga",2021,43,43,43,43,50,53,45,46,37,38,51,73,50,44,35,48,54,80,54
"180","Łukasz Fabiański","Swansea City","Premier League",2017.5,96,96,96,96,95,68,95,90,38.5,61,67,99,73,44.5,88,78,92.5,88.5,77
"181","Łukasz Skorupski","Empoli","Serie A",2017,80,80,80,80,91,67,98,99,75,52,75,96,82,62,96,85,99,97,84
